id_cliente,id_venta,id_producto,cantidad,fecha_alta,fecha,nombre_cliente,email,ciudad,medio_pago_efectivo,medio_pago_qr,medio_pago_tarjeta,medio_pago_transferencia,anio,mes,dia_semana,trimestre,transacciones_cliente,nombre_producto,categoria,precio_unitario,precio_unitario,importe,importe_std,precio_unitario,precio_unitario
1,54,65,1,2023-01-01,2024-03-26,Mariana Lopez,mariana.lopez@mail.com,carlos paz,0.0,0.0,1.0,0.0,2024,3,Martes,1,2,Cerveza Rubia 1L,alimentos,2423.0,2423.0,2423.0,-1.009360642099293,2423.0,2423.0
1,54,18,2,2023-01-01,2024-03-26,Mariana Lopez,mariana.lopez@mail.com,carlos paz,0.0,0.0,1.0,0.0,2024,3,Martes,1,2,Queso Rallado 150G,alimentos,3444.0,3444.0,6888.0,-0.16015611600737067,3444.0,3444.0
1,54,91,3,2023-01-01,2024-03-26,Mariana Lopez,mariana.lopez@mail.com,carlos paz,0.0,0.0,1.0,0.0,2024,3,Martes,1,2,Desodorante Aerosol,alimentos,4690.0,4690.0,14070.0,1.2057983983021896,4690.0,4690.0
1,54,8,3,2023-01-01,2024-03-26,Mariana Lopez,mariana.lopez@mail.com,carlos paz,0.0,0.0,1.0,0.0,2024,3,Martes,1,2,Energética Nitro 500Ml,alimentos,4218.0,4218.0,12654.0,0.9364873996580323,4218.0,4218.0
1,105,13,2,2023-01-01,2024-02-06,Mariana Lopez,mariana.lopez@mail.com,carlos paz,0.0,0.0,0.0,1.0,2024,2,Martes,1,2,Té Verde 20 Saquitos,alimentos,2383.0,2383.0,4766.0,-0.5637422312071599,2383.0,2383.0
1,105,4,4,2023-01-01,2024-02-06,Mariana Lopez,mariana.lopez@mail.com,carlos paz,0.0,0.0,0.0,1.0,2024,2,Martes,1,2,Fanta Naranja 1.5L,alimentos,2033.0,2033.0,8132.0,0.07644196472238328,2033.0,2033.0
1,105,58,2,2023-01-01,2024-02-06,Mariana Lopez,mariana.lopez@mail.com,carlos paz,0.0,0.0,0.0,1.0,2024,2,Martes,1,2,Caramelos Masticables,alimentos,4752.0,4752.0,9504.0,0.3373845425047164,4752.0,4752.0
1,105,82,4,2023-01-01,2024-02-06,Mariana Lopez,mariana.lopez@mail.com,carlos paz,0.0,0.0,0.0,1.0,2024,2,Martes,1,2,Aceitunas Negras 200G,alimentos,2394.0,2394.0,9576.0,0.3510783220967922,2394.0,2394.0
1,105,43,5,2023-01-01,2024-02-06,Mariana Lopez,mariana.lopez@mail.com,carlos paz,0.0,0.0,0.0,1.0,2024,2,Martes,1,2,Salsa De Tomate 500G,alimentos,887.0,887.0,4435.0,-0.6266955790540639,887.0,887.0
2,16,35,5,2023-01-02,2024-04-12,Nicolas Rojas,nicolas.rojas@mail.com,carlos paz,1.0,0.0,0.0,0.0,2024,4,Viernes,2,1,Barrita De Cereal 30G,alimentos,4430.0,4430.0,22150.0,2.7425447747462504,4430.0,4430.0
3,115,17,4,2023-01-03,2024-02-16,Hernan Martinez,hernan.martinez@mail.com,rio cuarto,0.0,0.0,0.0,1.0,2024,2,Viernes,1,1,Queso Cremoso 500G,alimentos,4834.0,4834.0,19336.0,2.2073462223559552,4834.0,4834.0
3,115,97,5,2023-01-03,2024-02-16,Hernan Martinez,hernan.martinez@mail.com,rio cuarto,0.0,0.0,0.0,1.0,2024,2,Viernes,1,1,Limpiavidrios 500Ml,alimentos,872.0,872.0,4360.0,-0.6409599327958095,872.0,872.0
3,115,95,4,2023-01-03,2024-02-16,Hernan Martinez,hernan.martinez@mail.com,rio cuarto,0.0,0.0,0.0,1.0,2024,2,Viernes,1,1,Mascarilla Capilar,alimentos,1581.0,1581.0,6324.0,-0.2674240561452977,1581.0,1581.0
3,115,84,2,2023-01-03,2024-02-16,Hernan Martinez,hernan.martinez@mail.com,rio cuarto,0.0,0.0,0.0,1.0,2024,2,Viernes,1,1,Queso Azul 150G,alimentos,1645.0,1645.0,3290.0,-0.8444647128447137,1645.0,1645.0
5,36,50,4,2023-01-05,2024-06-25,Agustina Flores,agustina.flores@mail.com,cordoba,0.0,0.0,1.0,0.0,2024,6,Martes,2,4,Azúcar 1Kg,alimentos,727.0,727.0,2908.0,-0.9171178212360047,727.0,727.0
5,36,48,2,2023-01-05,2024-06-25,Agustina Flores,agustina.flores@mail.com,cordoba,0.0,0.0,1.0,0.0,2024,6,Martes,2,4,Porotos Negros 500G,alimentos,4462.0,4462.0,8924.0,0.22707354023521698,4462.0,4462.0
5,39,44,4,2023-01-05,2024-03-05,Agustina Flores,agustina.flores@mail.com,cordoba,1.0,0.0,0.0,0.0,2024,3,Martes,1,4,Arroz Largo Fino 1Kg,alimentos,2979.0,2979.0,11916.0,0.7961261588392554,2979.0,2979.0
5,39,22,2,2023-01-05,2024-03-05,Agustina Flores,agustina.flores@mail.com,cordoba,1.0,0.0,0.0,0.0,2024,3,Martes,1,4,Medialunas De Manteca,alimentos,2069.0,2069.0,4138.0,-0.6831824198713766,2069.0,2069.0
5,39,58,4,2023-01-05,2024-03-05,Agustina Flores,agustina.flores@mail.com,cordoba,1.0,0.0,0.0,0.0,2024,3,Martes,1,4,Caramelos Masticables,alimentos,4752.0,4752.0,19008.0,2.144963448658721,4752.0,4752.0
5,39,81,4,2023-01-05,2024-03-05,Agustina Flores,agustina.flores@mail.com,cordoba,1.0,0.0,0.0,0.0,2024,3,Martes,1,4,Aceitunas Verdes 200G,alimentos,2520.0,2520.0,10080.0,0.44693477924132274,2520.0,2520.0
5,49,59,2,2023-01-05,2024-06-02,Agustina Flores,agustina.flores@mail.com,cordoba,1.0,0.0,0.0,0.0,2024,6,Domingo,2,4,Chicle Menta,alimentos,3612.0,3612.0,7224.0,-0.09625181124435031,3612.0,3612.0
5,49,21,4,2023-01-05,2024-06-02,Agustina Flores,agustina.flores@mail.com,cordoba,1.0,0.0,0.0,0.0,2024,6,Domingo,2,4,Pan Lactal Integral,alimentos,272.0,272.0,1088.0,-1.263266138702365,272.0,272.0
5,49,59,4,2023-01-05,2024-06-02,Agustina Flores,agustina.flores@mail.com,cordoba,1.0,0.0,0.0,0.0,2024,6,Domingo,2,4,Chicle Menta,alimentos,3612.0,3612.0,14448.0,1.2776907411605873,3612.0,3612.0
5,49,18,3,2023-01-05,2024-06-02,Agustina Flores,agustina.flores@mail.com,cordoba,1.0,0.0,0.0,0.0,2024,6,Domingo,2,4,Queso Rallado 150G,alimentos,3444.0,3444.0,10332.0,0.494863007813588,3444.0,3444.0
5,49,85,3,2023-01-05,2024-06-02,Agustina Flores,agustina.flores@mail.com,cordoba,1.0,0.0,0.0,0.0,2024,6,Domingo,2,4,Jugo En Polvo Naranja,alimentos,1856.0,1856.0,5568.0,-0.4112087418620935,1856.0,1856.0
5,52,83,2,2023-01-05,2024-05-10,Agustina Flores,agustina.flores@mail.com,cordoba,0.0,0.0,1.0,0.0,2024,5,Viernes,2,4,Queso Untable 190G,alimentos,1830.0,1830.0,3660.0,-0.774093901052102,1830.0,1830.0
5,52,9,4,2023-01-05,2024-05-10,Agustina Flores,agustina.flores@mail.com,cordoba,0.0,0.0,1.0,0.0,2024,5,Viernes,2,4,Yerba Mate Suave 1Kg,alimentos,3878.0,3878.0,15512.0,1.4800543729101518,3878.0,3878.0
5,52,81,5,2023-01-05,2024-05-10,Agustina Flores,agustina.flores@mail.com,cordoba,0.0,0.0,1.0,0.0,2024,5,Viernes,2,4,Aceitunas Verdes 200G,alimentos,2520.0,2520.0,12600.0,0.9262170649639755,2520.0,2520.0
5,52,38,3,2023-01-05,2024-05-10,Agustina Flores,agustina.flores@mail.com,cordoba,0.0,0.0,1.0,0.0,2024,5,Viernes,2,4,Mermelada De Frutilla 400G,alimentos,1584.0,1584.0,4752.0,-0.5664049105722858,1584.0,1584.0
6,13,87,1,2023-01-06,2024-01-24,Uma Medina,uma.medina@mail.com,villa maria,0.0,0.0,1.0,0.0,2024,1,Miércoles,1,2,Sopa Instantánea Pollo,alimentos,1679.0,1679.0,1679.0,-1.1508630312174095,1679.0,1679.0
6,13,81,3,2023-01-06,2024-01-24,Uma Medina,uma.medina@mail.com,villa maria,0.0,0.0,1.0,0.0,2024,1,Miércoles,1,2,Aceitunas Verdes 200G,alimentos,2520.0,2520.0,7560.0,-0.03234750648132995,2520.0,2520.0
6,13,13,1,2023-01-06,2024-01-24,Uma Medina,uma.medina@mail.com,villa maria,0.0,0.0,1.0,0.0,2024,1,Miércoles,1,2,Té Verde 20 Saquitos,alimentos,2383.0,2383.0,2383.0,-1.016968297428224,2383.0,2383.0
6,33,47,2,2023-01-06,2024-02-13,Uma Medina,uma.medina@mail.com,villa maria,1.0,0.0,0.0,0.0,2024,2,Martes,1,2,Garbanzos 500G,alimentos,2939.0,2939.0,5878.0,-0.3522494130628783,2939.0,2939.0
6,33,76,4,2023-01-06,2024-02-13,Uma Medina,uma.medina@mail.com,villa maria,1.0,0.0,0.0,0.0,2024,2,Martes,1,2,Pizza Congelada Muzzarella,alimentos,4286.0,4286.0,17144.0,1.7904467103305366,4286.0,4286.0
6,33,100,1,2023-01-06,2024-02-13,Uma Medina,uma.medina@mail.com,villa maria,1.0,0.0,0.0,0.0,2024,2,Martes,1,2,Trapo De Piso,limpieza,4854.0,4854.0,4854.0,-0.5470053894835117,4854.0,4854.0
6,33,91,2,2023-01-06,2024-02-13,Uma Medina,uma.medina@mail.com,villa maria,1.0,0.0,0.0,0.0,2024,2,Martes,1,2,Desodorante Aerosol,alimentos,4690.0,4690.0,9380.0,0.3138008109850303,4690.0,4690.0
8,50,10,2,2023-01-08,2024-01-09,Bruno Castro,bruno.castro@mail.com,carlos paz,0.0,0.0,0.0,1.0,2024,1,Martes,1,1,Yerba Mate Intensa 1Kg,alimentos,4883.0,4883.0,9766.0,0.38721468490921446,4883.0,4883.0
8,50,34,5,2023-01-08,2024-01-09,Bruno Castro,bruno.castro@mail.com,carlos paz,0.0,0.0,0.0,1.0,2024,1,Martes,1,1,Turrón 50G,alimentos,503.0,503.0,2515.0,-0.9918630348427517,503.0,503.0
8,50,58,5,2023-01-08,2024-01-09,Bruno Castro,bruno.castro@mail.com,carlos paz,0.0,0.0,0.0,1.0,2024,1,Martes,1,1,Caramelos Masticables,alimentos,4752.0,4752.0,23760.0,3.0487529017357233,4752.0,4752.0
8,50,32,3,2023-01-08,2024-01-09,Bruno Castro,bruno.castro@mail.com,carlos paz,0.0,0.0,0.0,1.0,2024,1,Martes,1,1,Chocolate Amargo 100G,alimentos,2234.0,2234.0,6702.0,-0.1955317132868998,2234.0,2234.0
8,50,91,4,2023-01-08,2024-01-09,Bruno Castro,bruno.castro@mail.com,carlos paz,0.0,0.0,0.0,1.0,2024,1,Martes,1,1,Desodorante Aerosol,alimentos,4690.0,4690.0,18760.0,2.097795985619349,4690.0,4690.0
9,27,7,4,2023-01-09,2024-02-25,Yamila Molina,yamila.molina@mail.com,carlos paz,0.0,0.0,0.0,1.0,2024,2,Domingo,1,2,Jugo De Manzana 1L,alimentos,3269.0,3269.0,13076.0,1.0167481633782542,3269.0,3269.0
9,27,78,4,2023-01-09,2024-02-25,Yamila Molina,yamila.molina@mail.com,carlos paz,0.0,0.0,0.0,1.0,2024,2,Domingo,1,2,Verduras Congeladas Mix,alimentos,4289.0,4289.0,17156.0,1.7927290069292159,4289.0,4289.0
9,108,90,4,2023-01-09,2024-03-25,Yamila Molina,yamila.molina@mail.com,carlos paz,0.0,0.0,1.0,0.0,2024,3,Lunes,1,2,Toallas Húmedas X50,alimentos,2902.0,2902.0,11608.0,0.7375472128064867,2902.0,2902.0
10,21,76,5,2023-01-10,2024-06-19,Karina Acosta,karina.acosta@mail.com,cordoba,0.0,0.0,0.0,1.0,2024,6,Miércoles,2,1,Pizza Congelada Muzzarella,alimentos,4286.0,4286.0,21430.0,2.6056069788254925,4286.0,4286.0
10,21,35,1,2023-01-10,2024-06-19,Karina Acosta,karina.acosta@mail.com,cordoba,0.0,0.0,0.0,1.0,2024,6,Miércoles,2,1,Barrita De Cereal 30G,alimentos,4430.0,4430.0,4430.0,-0.6276465359701804,4430.0,4430.0
12,42,47,3,2023-01-12,2024-04-18,Gael Gomez,gael.gomez@mail.com,alta gracia,0.0,0.0,1.0,0.0,2024,4,Jueves,2,2,Garbanzos 500G,alimentos,2939.0,2939.0,8817.0,0.20672306223032658,2939.0,2939.0
12,42,29,1,2023-01-12,2024-04-18,Gael Gomez,gael.gomez@mail.com,alta gracia,0.0,0.0,1.0,0.0,2024,4,Jueves,2,2,Papas Fritas Onduladas 100G,alimentos,1868.0,1868.0,1868.0,-1.1149168597882106,1868.0,1868.0
12,42,73,3,2023-01-12,2024-04-18,Gael Gomez,gael.gomez@mail.com,alta gracia,0.0,0.0,1.0,0.0,2024,4,Jueves,2,2,Gin 700Ml,alimentos,1561.0,1561.0,4683.0,-0.5795281160146918,1561.0,1561.0
12,78,37,3,2023-01-12,2024-04-29,Gael Gomez,gael.gomez@mail.com,alta gracia,0.0,1.0,0.0,0.0,2024,4,Lunes,2,2,Mermelada De Durazno 400G,alimentos,3196.0,3196.0,9588.0,0.35336061869547153,3196.0,3196.0
12,78,79,5,2023-01-12,2024-04-29,Gael Gomez,gael.gomez@mail.com,alta gracia,0.0,1.0,0.0,0.0,2024,4,Lunes,2,2,Hamburguesas Congeladas X4,alimentos,2420.0,2420.0,12100.0,0.831121373352338,2420.0,2420.0
12,78,17,2,2023-01-12,2024-04-29,Gael Gomez,gael.gomez@mail.com,alta gracia,0.0,1.0,0.0,0.0,2024,4,Lunes,2,2,Queso Cremoso 500G,alimentos,4834.0,4834.0,9668.0,0.3685759293533335,4834.0,4834.0
12,78,85,1,2023-01-12,2024-04-29,Gael Gomez,gael.gomez@mail.com,alta gracia,0.0,1.0,0.0,0.0,2024,4,Lunes,2,2,Jugo En Polvo Naranja,alimentos,1856.0,1856.0,1856.0,-1.11719915638689,1856.0,1856.0
12,78,39,2,2023-01-12,2024-04-29,Gael Gomez,gael.gomez@mail.com,alta gracia,0.0,1.0,0.0,0.0,2024,4,Lunes,2,2,Helado Vainilla 1L,alimentos,469.0,469.0,938.0,-1.2917948461858562,469.0,469.0
13,25,55,1,2023-01-13,2024-04-30,Ivana Sanchez,ivana.sanchez@mail.com,carlos paz,0.0,0.0,0.0,1.0,2024,4,Martes,2,1,Shampoo 400Ml,alimentos,1407.0,1407.0,1407.0,-1.2025950874541402,1407.0,1407.0
13,25,95,5,2023-01-13,2024-04-30,Ivana Sanchez,ivana.sanchez@mail.com,carlos paz,0.0,0.0,0.0,1.0,2024,4,Martes,2,1,Mascarilla Capilar,alimentos,1581.0,1581.0,7905.0,0.03326852073069988,1581.0,1581.0
13,25,72,1,2023-01-13,2024-04-30,Ivana Sanchez,ivana.sanchez@mail.com,carlos paz,0.0,0.0,0.0,1.0,2024,4,Martes,2,1,Ron 700Ml,alimentos,3876.0,3876.0,3876.0,-0.7330125622758746,3876.0,3876.0
14,107,7,4,2023-01-14,2024-05-21,Gael Martinez,gael.martinez@mail.com,carlos paz,1.0,0.0,0.0,0.0,2024,5,Martes,2,1,Jugo De Manzana 1L,alimentos,3269.0,3269.0,13076.0,1.0167481633782542,3269.0,3269.0
14,107,11,2,2023-01-14,2024-05-21,Gael Martinez,gael.martinez@mail.com,carlos paz,1.0,0.0,0.0,0.0,2024,5,Martes,2,1,Café Molido 250G,alimentos,2053.0,2053.0,4106.0,-0.6892685441345214,2053.0,2053.0
14,107,12,4,2023-01-14,2024-05-21,Gael Martinez,gael.martinez@mail.com,carlos paz,1.0,0.0,0.0,0.0,2024,5,Martes,2,1,Té Negro 20 Saquitos,alimentos,570.0,570.0,2280.0,-1.0365580099002214,570.0,570.0
14,107,5,4,2023-01-14,2024-05-21,Gael Martinez,gael.martinez@mail.com,carlos paz,1.0,0.0,0.0,0.0,2024,5,Martes,2,1,Agua Mineral 500Ml,alimentos,4777.0,4777.0,19108.0,2.1639825869810485,4777.0,4777.0
15,40,44,2,2023-01-15,2024-05-13,Tomas Ruiz,tomas.ruiz@mail.com,cordoba,1.0,0.0,0.0,0.0,2024,5,Lunes,2,3,Arroz Largo Fino 1Kg,alimentos,2979.0,2979.0,5958.0,-0.3370341024050163,2979.0,2979.0
15,45,12,2,2023-01-15,2024-01-19,Tomas Ruiz,tomas.ruiz@mail.com,cordoba,1.0,0.0,0.0,0.0,2024,1,Viernes,1,3,Té Negro 20 Saquitos,alimentos,570.0,570.0,1140.0,-1.2533761867747546,570.0,570.0
15,45,18,2,2023-01-15,2024-01-19,Tomas Ruiz,tomas.ruiz@mail.com,cordoba,1.0,0.0,0.0,0.0,2024,1,Viernes,1,3,Queso Rallado 150G,alimentos,3444.0,3444.0,6888.0,-0.16015611600737067,3444.0,3444.0
15,45,87,4,2023-01-15,2024-01-19,Tomas Ruiz,tomas.ruiz@mail.com,cordoba,1.0,0.0,0.0,0.0,2024,1,Viernes,1,3,Sopa Instantánea Pollo,alimentos,1679.0,1679.0,6716.0,-0.19286903392177396,1679.0,1679.0
15,45,98,1,2023-01-15,2024-01-19,Tomas Ruiz,tomas.ruiz@mail.com,cordoba,1.0,0.0,0.0,0.0,2024,1,Viernes,1,3,Desengrasante 500Ml,alimentos,2843.0,2843.0,2843.0,-0.9294802611455175,2843.0,2843.0
15,45,52,2,2023-01-15,2024-01-19,Tomas Ruiz,tomas.ruiz@mail.com,cordoba,1.0,0.0,0.0,0.0,2024,1,Viernes,1,3,Detergente Líquido 750Ml,limpieza,2582.0,2582.0,5164.0,-0.48804606068429657,2582.0,2582.0
15,56,18,5,2023-01-15,2024-06-14,Tomas Ruiz,tomas.ruiz@mail.com,cordoba,0.0,1.0,0.0,0.0,2024,6,Viernes,2,3,Queso Rallado 150G,alimentos,3444.0,3444.0,17220.0,1.8049012554555053,3444.0,3444.0
16,114,8,1,2023-01-16,2024-05-05,Felipe Alvarez,felipe.alvarez@mail.com,rio cuarto,0.0,1.0,0.0,0.0,2024,5,Domingo,2,1,Energética Nitro 500Ml,alimentos,4218.0,4218.0,4218.0,-0.6679671092135147,4218.0,4218.0
16,114,84,1,2023-01-16,2024-05-05,Felipe Alvarez,felipe.alvarez@mail.com,rio cuarto,0.0,1.0,0.0,0.0,2024,5,Domingo,2,1,Queso Azul 150G,alimentos,1645.0,1645.0,1645.0,-1.1573295382470008,1645.0,1645.0
16,114,10,1,2023-01-16,2024-05-05,Felipe Alvarez,felipe.alvarez@mail.com,rio cuarto,0.0,1.0,0.0,0.0,2024,5,Domingo,2,1,Yerba Mate Intensa 1Kg,alimentos,4883.0,4883.0,4883.0,-0.5414898393700368,4883.0,4883.0
16,114,55,5,2023-01-16,2024-05-05,Felipe Alvarez,felipe.alvarez@mail.com,rio cuarto,0.0,1.0,0.0,0.0,2024,5,Domingo,2,1,Shampoo 400Ml,alimentos,1407.0,1407.0,7035.0,-0.13219798267354926,1407.0,1407.0
16,114,92,4,2023-01-16,2024-05-05,Felipe Alvarez,felipe.alvarez@mail.com,rio cuarto,0.0,1.0,0.0,0.0,2024,5,Domingo,2,1,Crema Dental 90G,alimentos,2512.0,2512.0,10048.0,0.44084865497817793,2512.0,2512.0
17,89,72,2,2023-01-17,2024-01-18,Pablo Gomez,pablo.gomez@mail.com,villa maria,0.0,0.0,1.0,0.0,2024,1,Jueves,1,1,Ron 700Ml,alimentos,3876.0,3876.0,7752.0,0.004169239097538821,3876.0,3876.0
18,102,78,3,2023-01-18,2024-03-29,Ivana Torres,ivana.torres@mail.com,carlos paz,1.0,0.0,0.0,0.0,2024,3,Viernes,1,1,Verduras Congeladas Mix,alimentos,4289.0,4289.0,12867.0,0.9769981642845899,4289.0,4289.0
18,102,36,3,2023-01-18,2024-03-29,Ivana Torres,ivana.torres@mail.com,carlos paz,1.0,0.0,0.0,0.0,2024,3,Viernes,1,1,Dulce De Leche 400G,alimentos,2559.0,2559.0,7677.0,-0.010095114644206794,2559.0,2559.0
19,31,92,4,2023-01-19,2024-05-22,Uma Silva,uma.silva@mail.com,mendiolaza,0.0,0.0,1.0,0.0,2024,5,Miércoles,2,2,Crema Dental 90G,alimentos,2512.0,2512.0,10048.0,0.44084865497817793,2512.0,2512.0
19,31,90,3,2023-01-19,2024-05-22,Uma Silva,uma.silva@mail.com,mendiolaza,0.0,0.0,1.0,0.0,2024,5,Miércoles,2,2,Toallas Húmedas X50,alimentos,2902.0,2902.0,8706.0,0.18561181869254306,2902.0,2902.0
19,31,84,5,2023-01-19,2024-05-22,Uma Silva,uma.silva@mail.com,mendiolaza,0.0,0.0,1.0,0.0,2024,5,Miércoles,2,2,Queso Azul 150G,alimentos,1645.0,1645.0,8225.0,0.09412976336214784,1645.0,1645.0
19,82,38,1,2023-01-19,2024-01-25,Uma Silva,uma.silva@mail.com,mendiolaza,0.0,0.0,1.0,0.0,2024,1,Jueves,1,2,Mermelada De Frutilla 400G,alimentos,1584.0,1584.0,1584.0,-1.1689312126236207,1584.0,1584.0
19,82,28,2,2023-01-19,2024-01-25,Uma Silva,uma.silva@mail.com,mendiolaza,0.0,0.0,1.0,0.0,2024,1,Jueves,1,2,Papas Fritas Clásicas 100G,alimentos,936.0,936.0,1872.0,-1.1141560942553175,936.0,936.0
19,82,29,5,2023-01-19,2024-01-25,Uma Silva,uma.silva@mail.com,mendiolaza,0.0,0.0,1.0,0.0,2024,1,Jueves,1,2,Papas Fritas Onduladas 100G,alimentos,1868.0,1868.0,9340.0,0.30619315565609934,1868.0,1868.0
19,82,82,2,2023-01-19,2024-01-25,Uma Silva,uma.silva@mail.com,mendiolaza,0.0,0.0,1.0,0.0,2024,1,Jueves,1,2,Aceitunas Negras 200G,alimentos,2394.0,2394.0,4788.0,-0.5595580207762479,2394.0,2394.0
20,3,9,2,2023-01-20,2024-01-13,Tomas Acosta,tomas.acosta@mail.com,rio cuarto,0.0,0.0,1.0,0.0,2024,1,Sábado,1,2,Yerba Mate Suave 1Kg,alimentos,3878.0,3878.0,7756.0,0.00493000463043192,3878.0,3878.0
20,3,2,2,2023-01-20,2024-01-13,Tomas Acosta,tomas.acosta@mail.com,rio cuarto,0.0,0.0,1.0,0.0,2024,1,Sábado,1,2,Pepsi 1.5L,alimentos,4973.0,4973.0,9946.0,0.4214491338894039,4973.0,4973.0
20,3,85,1,2023-01-20,2024-01-13,Tomas Acosta,tomas.acosta@mail.com,rio cuarto,0.0,0.0,1.0,0.0,2024,1,Sábado,1,2,Jugo En Polvo Naranja,alimentos,1856.0,1856.0,1856.0,-1.11719915638689,1856.0,1856.0
20,11,13,1,2023-01-20,2024-04-10,Tomas Acosta,tomas.acosta@mail.com,rio cuarto,0.0,1.0,0.0,0.0,2024,4,Miércoles,2,2,Té Verde 20 Saquitos,alimentos,2383.0,2383.0,2383.0,-1.016968297428224,2383.0,2383.0
20,11,65,2,2023-01-20,2024-04-10,Tomas Acosta,tomas.acosta@mail.com,rio cuarto,0.0,1.0,0.0,0.0,2024,4,Miércoles,2,2,Cerveza Rubia 1L,alimentos,2423.0,2423.0,4846.0,-0.548526920549298,2423.0,2423.0
20,11,28,1,2023-01-20,2024-04-10,Tomas Acosta,tomas.acosta@mail.com,rio cuarto,0.0,1.0,0.0,0.0,2024,4,Miércoles,2,2,Papas Fritas Clásicas 100G,alimentos,936.0,936.0,936.0,-1.2921752289523027,936.0,936.0
21,44,48,1,2023-01-21,2024-02-21,Elena Rodriguez,elena.rodriguez@mail.com,alta gracia,1.0,0.0,0.0,0.0,2024,2,Miércoles,1,1,Porotos Negros 500G,alimentos,4462.0,4462.0,4462.0,-0.6215604117070356,4462.0,4462.0
21,44,47,2,2023-01-21,2024-02-21,Elena Rodriguez,elena.rodriguez@mail.com,alta gracia,1.0,0.0,0.0,0.0,2024,2,Miércoles,1,1,Garbanzos 500G,alimentos,2939.0,2939.0,5878.0,-0.3522494130628783,2939.0,2939.0
21,44,100,2,2023-01-21,2024-02-21,Elena Rodriguez,elena.rodriguez@mail.com,alta gracia,1.0,0.0,0.0,0.0,2024,2,Miércoles,1,1,Trapo De Piso,limpieza,4854.0,4854.0,9708.0,0.3761835846822645,4854.0,4854.0
23,43,1,5,2023-01-23,2024-02-18,Helena Fernandez,helena.fernandez@mail.com,rio cuarto,1.0,0.0,0.0,0.0,2024,2,Domingo,1,1,Coca Cola 1.5L,alimentos,2347.0,2347.0,11735.0,0.7617015184758427,2347.0,2347.0
23,43,49,2,2023-01-23,2024-02-18,Helena Fernandez,helena.fernandez@mail.com,rio cuarto,1.0,0.0,0.0,0.0,2024,2,Domingo,1,1,Harina De Trigo 1Kg,alimentos,2512.0,2512.0,5024.0,-0.5146728543355551,2512.0,2512.0
23,43,66,2,2023-01-23,2024-02-18,Helena Fernandez,helena.fernandez@mail.com,rio cuarto,1.0,0.0,0.0,0.0,2024,2,Domingo,1,1,Cerveza Negra 1L,alimentos,1533.0,1533.0,3066.0,-0.8870675826867273,1533.0,1533.0
25,63,8,5,2023-01-25,2024-06-19,Karina Castro,karina.castro@mail.com,rio cuarto,0.0,0.0,1.0,0.0,2024,6,Miércoles,2,2,Energética Nitro 500Ml,alimentos,4218.0,4218.0,21090.0,2.5409419085295792,4218.0,4218.0
25,63,2,2,2023-01-25,2024-06-19,Karina Castro,karina.castro@mail.com,rio cuarto,0.0,0.0,1.0,0.0,2024,6,Miércoles,2,2,Pepsi 1.5L,alimentos,4973.0,4973.0,9946.0,0.4214491338894039,4973.0,4973.0
25,63,70,3,2023-01-25,2024-06-19,Karina Castro,karina.castro@mail.com,rio cuarto,0.0,0.0,1.0,0.0,2024,6,Miércoles,2,2,Fernet 750Ml,alimentos,4061.0,4061.0,12183.0,0.8469072581598698,4061.0,4061.0
25,63,45,4,2023-01-25,2024-06-19,Karina Castro,karina.castro@mail.com,rio cuarto,0.0,0.0,1.0,0.0,2024,6,Miércoles,2,2,Fideos Spaghetti 500G,alimentos,745.0,745.0,2980.0,-0.9034240416439289,745.0,745.0
25,116,65,1,2023-01-25,2024-03-18,Karina Castro,karina.castro@mail.com,rio cuarto,0.0,1.0,0.0,0.0,2024,3,Lunes,1,2,Cerveza Rubia 1L,alimentos,2423.0,2423.0,2423.0,-1.009360642099293,2423.0,2423.0
25,116,35,2,2023-01-25,2024-03-18,Karina Castro,karina.castro@mail.com,rio cuarto,0.0,1.0,0.0,0.0,2024,3,Lunes,1,2,Barrita De Cereal 30G,alimentos,4430.0,4430.0,8860.0,0.21490129170892738,4430.0,4430.0
25,116,42,4,2023-01-25,2024-03-18,Karina Castro,karina.castro@mail.com,rio cuarto,0.0,1.0,0.0,0.0,2024,3,Lunes,1,2,Vinagre De Alcohol 500Ml,alimentos,1195.0,1195.0,4780.0,-0.5610795518420342,1195.0,1195.0
25,116,54,5,2023-01-25,2024-03-18,Karina Castro,karina.castro@mail.com,rio cuarto,0.0,1.0,0.0,0.0,2024,3,Lunes,1,2,Jabón De Tocador,limpieza,1592.0,1592.0,7960.0,0.043729046807979996,1592.0,1592.0
25,116,90,4,2023-01-25,2024-03-18,Karina Castro,karina.castro@mail.com,rio cuarto,0.0,1.0,0.0,0.0,2024,3,Lunes,1,2,Toallas Húmedas X50,alimentos,2902.0,2902.0,11608.0,0.7375472128064867,2902.0,2902.0
26,72,94,3,2023-01-26,2024-02-17,Camila Sanchez,camila.sanchez@mail.com,alta gracia,0.0,1.0,0.0,0.0,2024,2,Sábado,1,2,Hilo Dental,alimentos,1418.0,1418.0,4254.0,-0.6611202194174767,1418.0,1418.0
26,72,41,4,2023-01-26,2024-02-17,Camila Sanchez,camila.sanchez@mail.com,alta gracia,0.0,1.0,0.0,0.0,2024,2,Sábado,1,2,Aceite De Girasol 1L,alimentos,860.0,860.0,3440.0,-0.8159360053612225,860.0,860.0
26,72,51,2,2023-01-26,2024-02-17,Camila Sanchez,camila.sanchez@mail.com,alta gracia,0.0,1.0,0.0,0.0,2024,2,Sábado,1,2,Sal Fina 500G,alimentos,1745.0,1745.0,3490.0,-0.8064264362000587,1745.0,1745.0
26,95,72,5,2023-01-26,2024-02-25,Camila Sanchez,camila.sanchez@mail.com,alta gracia,0.0,1.0,0.0,0.0,2024,2,Domingo,1,2,Ron 700Ml,alimentos,3876.0,3876.0,19380.0,2.2157146432177792,3876.0,3876.0
26,95,12,1,2023-01-26,2024-02-25,Camila Sanchez,camila.sanchez@mail.com,alta gracia,0.0,1.0,0.0,0.0,2024,2,Domingo,1,2,Té Negro 20 Saquitos,alimentos,570.0,570.0,570.0,-1.3617852752120214,570.0,570.0
27,61,9,3,2023-01-27,2024-06-01,Tomas Castro,tomas.castro@mail.com,rio cuarto,1.0,0.0,0.0,0.0,2024,6,Sábado,2,2,Yerba Mate Suave 1Kg,alimentos,3878.0,3878.0,11634.0,0.7424921887702919,3878.0,3878.0
27,61,19,3,2023-01-27,2024-06-01,Tomas Castro,tomas.castro@mail.com,rio cuarto,1.0,0.0,0.0,0.0,2024,6,Sábado,2,2,Manteca 200G,alimentos,3251.0,3251.0,9753.0,0.3847421969273119,3251.0,3251.0
27,68,94,4,2023-01-27,2024-06-28,Tomas Castro,tomas.castro@mail.com,rio cuarto,0.0,1.0,0.0,0.0,2024,6,Viernes,2,2,Hilo Dental,alimentos,1418.0,1418.0,5672.0,-0.39142883800687295,1418.0,1418.0
28,112,55,1,2023-01-28,2024-01-19,Rocio Silva,rocio.silva@mail.com,cordoba,0.0,0.0,1.0,0.0,2024,1,Viernes,1,1,Shampoo 400Ml,alimentos,1407.0,1407.0,1407.0,-1.2025950874541402,1407.0,1407.0
28,112,21,4,2023-01-28,2024-01-19,Rocio Silva,rocio.silva@mail.com,cordoba,0.0,0.0,1.0,0.0,2024,1,Viernes,1,1,Pan Lactal Integral,alimentos,272.0,272.0,1088.0,-1.263266138702365,272.0,272.0
28,112,43,5,2023-01-28,2024-01-19,Rocio Silva,rocio.silva@mail.com,cordoba,0.0,0.0,1.0,0.0,2024,1,Viernes,1,1,Salsa De Tomate 500G,alimentos,887.0,887.0,4435.0,-0.6266955790540639,887.0,887.0
28,112,13,2,2023-01-28,2024-01-19,Rocio Silva,rocio.silva@mail.com,cordoba,0.0,0.0,1.0,0.0,2024,1,Viernes,1,1,Té Verde 20 Saquitos,alimentos,2383.0,2383.0,4766.0,-0.5637422312071599,2383.0,2383.0
28,112,59,1,2023-01-28,2024-01-19,Rocio Silva,rocio.silva@mail.com,cordoba,0.0,0.0,1.0,0.0,2024,1,Viernes,1,1,Chicle Menta,alimentos,3612.0,3612.0,3612.0,-0.7832230874468192,3612.0,3612.0
29,41,51,1,2023-01-29,2024-03-08,Diego Fernandez,diego.fernandez@mail.com,alta gracia,0.0,0.0,1.0,0.0,2024,3,Viernes,1,1,Sal Fina 500G,alimentos,1745.0,1745.0,1745.0,-1.1383103999246733,1745.0,1745.0
29,41,15,1,2023-01-29,2024-03-08,Diego Fernandez,diego.fernandez@mail.com,alta gracia,0.0,0.0,1.0,0.0,2024,3,Viernes,1,1,Leche Descremada 1L,alimentos,2538.0,2538.0,2538.0,-0.9874886330286164,2538.0,2538.0
30,65,77,4,2023-01-30,2024-04-30,Ivana Medina,ivana.medina@mail.com,alta gracia,0.0,1.0,0.0,0.0,2024,4,Martes,2,1,Empanadas Congeladas,alimentos,4778.0,4778.0,19112.0,2.1647433525139417,4778.0,4778.0
30,65,22,3,2023-01-30,2024-04-30,Ivana Medina,ivana.medina@mail.com,alta gracia,0.0,1.0,0.0,0.0,2024,4,Martes,2,1,Medialunas De Manteca,alimentos,2069.0,2069.0,6207.0,-0.28967644798242087,2069.0,2069.0
30,65,38,5,2023-01-30,2024-04-30,Ivana Medina,ivana.medina@mail.com,alta gracia,0.0,1.0,0.0,0.0,2024,4,Martes,2,1,Mermelada De Frutilla 400G,alimentos,1584.0,1584.0,7920.0,0.036121391479049,1584.0,1584.0
30,65,36,4,2023-01-30,2024-04-30,Ivana Medina,ivana.medina@mail.com,alta gracia,0.0,1.0,0.0,0.0,2024,4,Martes,2,1,Dulce De Leche 400G,alimentos,2559.0,2559.0,10236.0,0.4766046350241536,2559.0,2559.0
31,32,72,5,2023-01-31,2024-01-30,Felipe Ruiz,felipe.ruiz@mail.com,villa maria,1.0,0.0,0.0,0.0,2024,1,Martes,1,1,Ron 700Ml,alimentos,3876.0,3876.0,19380.0,2.2157146432177792,3876.0,3876.0
31,32,53,4,2023-01-31,2024-01-30,Felipe Ruiz,felipe.ruiz@mail.com,villa maria,1.0,0.0,0.0,0.0,2024,1,Martes,1,1,Lavandina 1L,alimentos,1664.0,1664.0,6656.0,-0.20428051691517043,1664.0,1664.0
31,32,17,3,2023-01-31,2024-01-30,Felipe Ruiz,felipe.ruiz@mail.com,villa maria,1.0,0.0,0.0,0.0,2024,1,Martes,1,1,Queso Cremoso 500G,alimentos,4834.0,4834.0,14502.0,1.2879610758546443,4834.0,4834.0
31,32,35,3,2023-01-31,2024-01-30,Felipe Ruiz,felipe.ruiz@mail.com,villa maria,1.0,0.0,0.0,0.0,2024,1,Martes,1,1,Barrita De Cereal 30G,alimentos,4430.0,4430.0,13290.0,1.057449119388035,4430.0,4430.0
34,57,31,3,2023-02-03,2024-01-10,Bruno Castro,bruno.castro2@mail.com,villa maria,1.0,0.0,0.0,0.0,2024,1,Miércoles,1,1,Mix De Frutos Secos 200G,alimentos,3409.0,3409.0,10227.0,0.47489291257514415,3409.0,3409.0
34,57,41,4,2023-02-03,2024-01-10,Bruno Castro,bruno.castro2@mail.com,villa maria,1.0,0.0,0.0,0.0,2024,1,Miércoles,1,1,Aceite De Girasol 1L,alimentos,860.0,860.0,3440.0,-0.8159360053612225,860.0,860.0
34,57,9,5,2023-02-03,2024-01-10,Bruno Castro,bruno.castro2@mail.com,villa maria,1.0,0.0,0.0,0.0,2024,1,Miércoles,1,1,Yerba Mate Suave 1Kg,alimentos,3878.0,3878.0,19390.0,2.217616557050012,3878.0,3878.0
34,57,76,3,2023-02-03,2024-01-10,Bruno Castro,bruno.castro2@mail.com,villa maria,1.0,0.0,0.0,0.0,2024,1,Miércoles,1,1,Pizza Congelada Muzzarella,alimentos,4286.0,4286.0,12858.0,0.9752864418355803,4286.0,4286.0
34,57,98,4,2023-02-03,2024-01-10,Bruno Castro,bruno.castro2@mail.com,villa maria,1.0,0.0,0.0,0.0,2024,1,Miércoles,1,1,Desengrasante 500Ml,alimentos,2843.0,2843.0,11372.0,0.6926620463657939,2843.0,2843.0
36,4,4,2,2023-02-05,2024-02-27,Martina Molina,martina.molina@mail.com,mendiolaza,0.0,0.0,0.0,1.0,2024,2,Martes,1,1,Fanta Naranja 1.5L,alimentos,2033.0,2033.0,4066.0,-0.6968761994634524,2033.0,2033.0
36,4,23,5,2023-02-05,2024-02-27,Martina Molina,martina.molina@mail.com,mendiolaza,0.0,0.0,0.0,1.0,2024,2,Martes,1,1,Bizcochos Salados,alimentos,2380.0,2380.0,11900.0,0.7930830967076831,2380.0,2380.0
37,88,7,5,2023-02-06,2024-06-21,Martina Perez,martina.perez@mail.com,mendiolaza,1.0,0.0,0.0,0.0,2024,6,Viernes,2,1,Jugo De Manzana 1L,alimentos,3269.0,3269.0,16345.0,1.6384837951351399,3269.0,3269.0
37,88,53,5,2023-02-06,2024-06-21,Martina Perez,martina.perez@mail.com,mendiolaza,1.0,0.0,0.0,0.0,2024,6,Viernes,2,1,Lavandina 1L,alimentos,1664.0,1664.0,8320.0,0.11219794476835895,1664.0,1664.0
37,88,8,4,2023-02-06,2024-06-21,Martina Perez,martina.perez@mail.com,mendiolaza,1.0,0.0,0.0,0.0,2024,6,Viernes,2,1,Energética Nitro 500Ml,alimentos,4218.0,4218.0,16872.0,1.7387146540938057,4218.0,4218.0
39,51,31,1,2023-02-08,2024-02-18,Santiago Diaz,santiago.diaz@mail.com,alta gracia,1.0,0.0,0.0,0.0,2024,2,Domingo,1,4,Mix De Frutos Secos 200G,alimentos,3409.0,3409.0,3409.0,-0.821831938241144,3409.0,3409.0
39,91,57,3,2023-02-08,2024-02-19,Santiago Diaz,santiago.diaz@mail.com,alta gracia,1.0,0.0,0.0,0.0,2024,2,Lunes,1,4,Servilletas X100,alimentos,4520.0,4520.0,13560.0,1.1088007928583192,4520.0,4520.0
39,97,59,5,2023-02-08,2024-06-16,Santiago Diaz,santiago.diaz@mail.com,alta gracia,1.0,0.0,0.0,0.0,2024,6,Domingo,2,4,Chicle Menta,alimentos,3612.0,3612.0,18060.0,1.9646620173630562,3612.0,3612.0
39,97,36,1,2023-02-08,2024-06-16,Santiago Diaz,santiago.diaz@mail.com,alta gracia,1.0,0.0,0.0,0.0,2024,6,Domingo,2,4,Dulce De Leche 400G,alimentos,2559.0,2559.0,2559.0,-0.9834946139809276,2559.0,2559.0
39,97,4,3,2023-02-08,2024-06-16,Santiago Diaz,santiago.diaz@mail.com,alta gracia,1.0,0.0,0.0,0.0,2024,6,Domingo,2,4,Fanta Naranja 1.5L,alimentos,2033.0,2033.0,6099.0,-0.31021711737053453,2033.0,2033.0
39,103,79,5,2023-02-08,2024-03-11,Santiago Diaz,santiago.diaz@mail.com,alta gracia,1.0,0.0,0.0,0.0,2024,3,Lunes,1,4,Hamburguesas Congeladas X4,alimentos,2420.0,2420.0,12100.0,0.831121373352338,2420.0,2420.0
39,103,43,5,2023-02-08,2024-03-11,Santiago Diaz,santiago.diaz@mail.com,alta gracia,1.0,0.0,0.0,0.0,2024,3,Lunes,1,4,Salsa De Tomate 500G,alimentos,887.0,887.0,4435.0,-0.6266955790540639,887.0,887.0
39,103,34,1,2023-02-08,2024-03-11,Santiago Diaz,santiago.diaz@mail.com,alta gracia,1.0,0.0,0.0,0.0,2024,3,Lunes,1,4,Turrón 50G,alimentos,503.0,503.0,503.0,-1.3745280978879808,503.0,503.0
39,103,70,1,2023-02-08,2024-03-11,Santiago Diaz,santiago.diaz@mail.com,alta gracia,1.0,0.0,0.0,0.0,2024,3,Lunes,1,4,Fernet 750Ml,alimentos,4061.0,4061.0,4061.0,-0.6978271563795687,4061.0,4061.0
40,71,11,3,2023-02-09,2024-06-02,Felipe Diaz,felipe.diaz@mail.com,rio cuarto,0.0,1.0,0.0,0.0,2024,6,Domingo,2,2,Café Molido 250G,alimentos,2053.0,2053.0,6159.0,-0.2988056343771381,2053.0,2053.0
40,71,79,4,2023-02-09,2024-06-02,Felipe Diaz,felipe.diaz@mail.com,rio cuarto,0.0,1.0,0.0,0.0,2024,6,Domingo,2,2,Hamburguesas Congeladas X4,alimentos,2420.0,2420.0,9680.0,0.3708582259520128,2420.0,2420.0
40,71,100,4,2023-02-09,2024-06-02,Felipe Diaz,felipe.diaz@mail.com,rio cuarto,0.0,1.0,0.0,0.0,2024,6,Domingo,2,2,Trapo De Piso,limpieza,4854.0,4854.0,19416.0,2.222561533013817,4854.0,4854.0
40,71,92,1,2023-02-09,2024-06-02,Felipe Diaz,felipe.diaz@mail.com,rio cuarto,0.0,1.0,0.0,0.0,2024,6,Domingo,2,2,Crema Dental 90G,alimentos,2512.0,2512.0,2512.0,-0.9924336089924215,2512.0,2512.0
40,86,66,2,2023-02-09,2024-01-10,Felipe Diaz,felipe.diaz@mail.com,rio cuarto,1.0,0.0,0.0,0.0,2024,1,Miércoles,1,2,Cerveza Negra 1L,alimentos,1533.0,1533.0,3066.0,-0.8870675826867273,1533.0,1533.0
40,86,1,4,2023-02-09,2024-01-10,Felipe Diaz,felipe.diaz@mail.com,rio cuarto,1.0,0.0,0.0,0.0,2024,1,Miércoles,1,2,Coca Cola 1.5L,alimentos,2347.0,2347.0,9388.0,0.31532234205081655,2347.0,2347.0
40,86,13,5,2023-02-09,2024-01-10,Felipe Diaz,felipe.diaz@mail.com,rio cuarto,1.0,0.0,0.0,0.0,2024,1,Miércoles,1,2,Té Verde 20 Saquitos,alimentos,2383.0,2383.0,11915.0,0.7959359674560321,2383.0,2383.0
40,86,41,3,2023-02-09,2024-01-10,Felipe Diaz,felipe.diaz@mail.com,rio cuarto,1.0,0.0,0.0,0.0,2024,1,Miércoles,1,2,Aceite De Girasol 1L,alimentos,860.0,860.0,2580.0,-0.9795005949332388,860.0,860.0
41,70,66,3,2023-02-10,2024-02-02,Elena Rodriguez,elena.rodriguez2@mail.com,alta gracia,0.0,0.0,0.0,1.0,2024,2,Viernes,1,2,Cerveza Negra 1L,alimentos,1533.0,1533.0,4599.0,-0.5955041922054469,1533.0,1533.0
41,70,89,4,2023-02-10,2024-02-02,Elena Rodriguez,elena.rodriguez2@mail.com,alta gracia,0.0,0.0,0.0,1.0,2024,2,Viernes,1,2,Caldo Concentrado Verdura,alimentos,1003.0,1003.0,4012.0,-0.7071465341575093,1003.0,1003.0
41,70,38,3,2023-02-10,2024-02-02,Elena Rodriguez,elena.rodriguez2@mail.com,alta gracia,0.0,0.0,0.0,1.0,2024,2,Viernes,1,2,Mermelada De Frutilla 400G,alimentos,1584.0,1584.0,4752.0,-0.5664049105722858,1584.0,1584.0
41,94,24,1,2023-02-10,2024-03-06,Elena Rodriguez,elena.rodriguez2@mail.com,alta gracia,0.0,1.0,0.0,0.0,2024,3,Miércoles,1,2,Galletitas Chocolate,alimentos,1305.0,1305.0,1305.0,-1.2219946085429143,1305.0,1305.0
41,94,86,5,2023-02-10,2024-03-06,Elena Rodriguez,elena.rodriguez2@mail.com,alta gracia,0.0,1.0,0.0,0.0,2024,3,Miércoles,1,2,Jugo En Polvo Limón,alimentos,4090.0,4090.0,20450.0,2.419219423266683,4090.0,4090.0
41,94,98,2,2023-02-10,2024-03-06,Elena Rodriguez,elena.rodriguez2@mail.com,alta gracia,0.0,1.0,0.0,0.0,2024,3,Miércoles,1,2,Desengrasante 500Ml,alimentos,2843.0,2843.0,5686.0,-0.3887661586417471,2843.0,2843.0
42,69,76,4,2023-02-11,2024-01-06,Tomas Flores,tomas.flores@mail.com,alta gracia,0.0,1.0,0.0,0.0,2024,1,Sábado,1,4,Pizza Congelada Muzzarella,alimentos,4286.0,4286.0,17144.0,1.7904467103305366,4286.0,4286.0
42,69,74,3,2023-02-11,2024-01-06,Tomas Flores,tomas.flores@mail.com,alta gracia,0.0,1.0,0.0,0.0,2024,1,Sábado,1,4,Whisky 750Ml,alimentos,2953.0,2953.0,8859.0,0.21471110032570412,2953.0,2953.0
42,73,28,1,2023-02-11,2024-05-16,Tomas Flores,tomas.flores@mail.com,alta gracia,0.0,0.0,0.0,1.0,2024,5,Jueves,2,4,Papas Fritas Clásicas 100G,alimentos,936.0,936.0,936.0,-1.2921752289523027,936.0,936.0
42,73,24,3,2023-02-11,2024-05-16,Tomas Flores,tomas.flores@mail.com,alta gracia,0.0,0.0,0.0,1.0,2024,5,Jueves,2,4,Galletitas Chocolate,alimentos,1305.0,1305.0,3915.0,-0.7255950983301669,1305.0,1305.0
42,73,19,1,2023-02-11,2024-05-16,Tomas Flores,tomas.flores@mail.com,alta gracia,0.0,0.0,0.0,1.0,2024,5,Jueves,2,4,Manteca 200G,alimentos,3251.0,3251.0,3251.0,-0.8518821767904214,3251.0,3251.0
42,85,32,4,2023-02-11,2024-01-23,Tomas Flores,tomas.flores@mail.com,alta gracia,0.0,0.0,0.0,1.0,2024,1,Martes,1,4,Chocolate Amargo 100G,alimentos,2234.0,2234.0,8936.0,0.2293558368338963,2234.0,2234.0
42,85,80,2,2023-02-11,2024-01-23,Tomas Flores,tomas.flores@mail.com,alta gracia,0.0,0.0,0.0,1.0,2024,1,Martes,1,4,Helado De Frutilla 1L,alimentos,1981.0,1981.0,3962.0,-0.716656103318673,1981.0,1981.0
42,92,10,2,2023-02-11,2024-02-09,Tomas Flores,tomas.flores@mail.com,alta gracia,0.0,0.0,0.0,1.0,2024,2,Viernes,1,4,Yerba Mate Intensa 1Kg,alimentos,4883.0,4883.0,9766.0,0.38721468490921446,4883.0,4883.0
42,92,43,4,2023-02-11,2024-02-09,Tomas Flores,tomas.flores@mail.com,alta gracia,0.0,0.0,0.0,1.0,2024,2,Viernes,1,4,Salsa De Tomate 500G,alimentos,887.0,887.0,3548.0,-0.7953953359731087,887.0,887.0
43,98,28,4,2023-02-12,2024-01-12,Lucas Perez,lucas.perez@mail.com,mendiolaza,0.0,0.0,0.0,1.0,2024,1,Viernes,1,1,Papas Fritas Clásicas 100G,alimentos,936.0,936.0,3744.0,-0.7581178248613469,936.0,936.0
43,98,61,1,2023-02-12,2024-01-12,Lucas Perez,lucas.perez@mail.com,mendiolaza,0.0,0.0,0.0,1.0,2024,1,Viernes,1,1,Miel Pura 250G,alimentos,4982.0,4982.0,4982.0,-0.5226608924309326,4982.0,4982.0
43,98,29,1,2023-02-12,2024-01-12,Lucas Perez,lucas.perez@mail.com,mendiolaza,0.0,0.0,0.0,1.0,2024,1,Viernes,1,1,Papas Fritas Onduladas 100G,alimentos,1868.0,1868.0,1868.0,-1.1149168597882106,1868.0,1868.0
43,98,83,3,2023-02-12,2024-01-12,Lucas Perez,lucas.perez@mail.com,mendiolaza,0.0,0.0,0.0,1.0,2024,1,Viernes,1,1,Queso Untable 190G,alimentos,1830.0,1830.0,5490.0,-0.42604366975350894,1830.0,1830.0
46,46,21,1,2023-02-15,2024-03-25,Agustina Martinez,agustina.martinez@mail.com,alta gracia,0.0,0.0,1.0,0.0,2024,3,Lunes,1,2,Pan Lactal Integral,alimentos,272.0,272.0,272.0,-1.4184623074125573,272.0,272.0
46,90,79,4,2023-02-15,2024-01-08,Agustina Martinez,agustina.martinez@mail.com,alta gracia,0.0,1.0,0.0,0.0,2024,1,Lunes,1,2,Hamburguesas Congeladas X4,alimentos,2420.0,2420.0,9680.0,0.3708582259520128,2420.0,2420.0
46,90,6,2,2023-02-15,2024-01-08,Agustina Martinez,agustina.martinez@mail.com,alta gracia,0.0,1.0,0.0,0.0,2024,1,Lunes,1,2,Jugo De Naranja 1L,alimentos,4170.0,4170.0,8340.0,0.11600177243282445,4170.0,4170.0
48,58,43,2,2023-02-17,2024-02-04,Rocio Alvarez,rocio.alvarez@mail.com,cordoba,0.0,0.0,0.0,1.0,2024,2,Domingo,1,2,Salsa De Tomate 500G,alimentos,887.0,887.0,1774.0,-1.1327948498111984,887.0,887.0
48,58,11,1,2023-02-17,2024-02-04,Rocio Alvarez,rocio.alvarez@mail.com,cordoba,0.0,0.0,0.0,1.0,2024,2,Domingo,1,2,Café Molido 250G,alimentos,2053.0,2053.0,2053.0,-1.0797314538919047,2053.0,2053.0
48,111,97,4,2023-02-17,2024-02-12,Rocio Alvarez,rocio.alvarez@mail.com,cordoba,1.0,0.0,0.0,0.0,2024,2,Lunes,1,2,Limpiavidrios 500Ml,alimentos,872.0,872.0,3488.0,-0.8068068189665053,872.0,872.0
48,111,93,3,2023-02-17,2024-02-12,Rocio Alvarez,rocio.alvarez@mail.com,cordoba,1.0,0.0,0.0,0.0,2024,2,Lunes,1,2,Cepillo De Dientes,limpieza,2142.0,2142.0,6426.0,-0.24802453505652367,2142.0,2142.0
48,111,20,2,2023-02-17,2024-02-12,Rocio Alvarez,rocio.alvarez@mail.com,cordoba,1.0,0.0,0.0,0.0,2024,2,Lunes,1,2,Pan Lactal Blanco,alimentos,1571.0,1571.0,3142.0,-0.8726130375617583,1571.0,1571.0
48,111,23,4,2023-02-17,2024-02-12,Rocio Alvarez,rocio.alvarez@mail.com,cordoba,1.0,0.0,0.0,0.0,2024,2,Lunes,1,2,Bizcochos Salados,alimentos,2380.0,2380.0,9520.0,0.3404276046362888,2380.0,2380.0
49,2,82,5,2023-02-18,2024-03-17,Olivia Gomez,olivia.gomez@mail.com,rio cuarto,0.0,1.0,0.0,0.0,2024,3,Domingo,1,4,Aceitunas Negras 200G,alimentos,2394.0,2394.0,11970.0,0.8063964935333122,2394.0,2394.0
49,2,39,5,2023-02-18,2024-03-17,Olivia Gomez,olivia.gomez@mail.com,rio cuarto,0.0,1.0,0.0,0.0,2024,3,Domingo,1,4,Helado Vainilla 1L,alimentos,469.0,469.0,2345.0,-1.0241955699907084,469.0,469.0
49,2,70,2,2023-02-18,2024-03-17,Olivia Gomez,olivia.gomez@mail.com,rio cuarto,0.0,1.0,0.0,0.0,2024,3,Domingo,1,4,Fernet 750Ml,alimentos,4061.0,4061.0,8122.0,0.07454005089015053,4061.0,4061.0
49,2,22,1,2023-02-18,2024-03-17,Olivia Gomez,olivia.gomez@mail.com,rio cuarto,0.0,1.0,0.0,0.0,2024,3,Domingo,1,4,Medialunas De Manteca,alimentos,2069.0,2069.0,2069.0,-1.0766883917603323,2069.0,2069.0
49,2,79,4,2023-02-18,2024-03-17,Olivia Gomez,olivia.gomez@mail.com,rio cuarto,0.0,1.0,0.0,0.0,2024,3,Domingo,1,4,Hamburguesas Congeladas X4,alimentos,2420.0,2420.0,9680.0,0.3708582259520128,2420.0,2420.0
49,26,79,2,2023-02-18,2024-01-23,Olivia Gomez,olivia.gomez@mail.com,rio cuarto,1.0,0.0,0.0,0.0,2024,1,Martes,1,4,Hamburguesas Congeladas X4,alimentos,2420.0,2420.0,4840.0,-0.5496680688486376,2420.0,2420.0
49,26,86,1,2023-02-18,2024-01-23,Olivia Gomez,olivia.gomez@mail.com,rio cuarto,1.0,0.0,0.0,0.0,2024,1,Martes,1,4,Jugo En Polvo Limón,alimentos,4090.0,4090.0,4090.0,-0.6923116062660938,4090.0,4090.0
49,29,58,1,2023-02-18,2024-02-20,Olivia Gomez,olivia.gomez@mail.com,rio cuarto,0.0,1.0,0.0,0.0,2024,2,Martes,1,4,Caramelos Masticables,alimentos,4752.0,4752.0,4752.0,-0.5664049105722858,4752.0,4752.0
49,29,36,2,2023-02-18,2024-02-20,Olivia Gomez,olivia.gomez@mail.com,rio cuarto,0.0,1.0,0.0,0.0,2024,2,Martes,1,4,Dulce De Leche 400G,alimentos,2559.0,2559.0,5118.0,-0.4967948643125672,2559.0,2559.0
49,29,71,4,2023-02-18,2024-02-20,Olivia Gomez,olivia.gomez@mail.com,rio cuarto,0.0,1.0,0.0,0.0,2024,2,Martes,1,4,Vodka 700Ml,alimentos,508.0,508.0,2032.0,-1.0837254729395935,508.0,508.0
49,29,27,2,2023-02-18,2024-02-20,Olivia Gomez,olivia.gomez@mail.com,rio cuarto,0.0,1.0,0.0,0.0,2024,2,Martes,1,4,Alfajor Simple,alimentos,2502.0,2502.0,5004.0,-0.5184766820000205,2502.0,2502.0
49,29,66,1,2023-02-18,2024-02-20,Olivia Gomez,olivia.gomez@mail.com,rio cuarto,0.0,1.0,0.0,0.0,2024,2,Martes,1,4,Cerveza Negra 1L,alimentos,1533.0,1533.0,1533.0,-1.1786309731680076,1533.0,1533.0
49,81,10,2,2023-02-18,2024-03-09,Olivia Gomez,olivia.gomez@mail.com,rio cuarto,0.0,0.0,0.0,1.0,2024,3,Sábado,1,4,Yerba Mate Intensa 1Kg,alimentos,4883.0,4883.0,9766.0,0.38721468490921446,4883.0,4883.0
51,99,40,5,2023-02-20,2024-03-13,Agustina Gomez,agustina.gomez@mail.com,rio cuarto,0.0,0.0,0.0,1.0,2024,3,Miércoles,1,2,Helado Chocolate 1L,alimentos,1215.0,1215.0,6075.0,-0.31478171056789317,1215.0,1215.0
51,119,45,5,2023-02-20,2024-02-07,Agustina Gomez,agustina.gomez@mail.com,rio cuarto,0.0,1.0,0.0,0.0,2024,2,Miércoles,1,2,Fideos Spaghetti 500G,alimentos,745.0,745.0,3725.0,-0.7617314611425892,745.0,745.0
52,10,36,2,2023-02-21,2024-05-28,Diego Diaz,diego.diaz@mail.com,rio cuarto,0.0,1.0,0.0,0.0,2024,5,Martes,2,3,Dulce De Leche 400G,alimentos,2559.0,2559.0,5118.0,-0.4967948643125672,2559.0,2559.0
52,10,100,4,2023-02-21,2024-05-28,Diego Diaz,diego.diaz@mail.com,rio cuarto,0.0,1.0,0.0,0.0,2024,5,Martes,2,3,Trapo De Piso,limpieza,4854.0,4854.0,19416.0,2.222561533013817,4854.0,4854.0
52,10,37,3,2023-02-21,2024-05-28,Diego Diaz,diego.diaz@mail.com,rio cuarto,0.0,1.0,0.0,0.0,2024,5,Martes,2,3,Mermelada De Durazno 400G,alimentos,3196.0,3196.0,9588.0,0.35336061869547153,3196.0,3196.0
52,10,62,1,2023-02-21,2024-05-28,Diego Diaz,diego.diaz@mail.com,rio cuarto,0.0,1.0,0.0,0.0,2024,5,Martes,2,3,Stevia 100 Sobres,alimentos,3848.0,3848.0,3848.0,-0.7383379210061263,3848.0,3848.0
52,28,74,1,2023-02-21,2024-05-20,Diego Diaz,diego.diaz@mail.com,rio cuarto,0.0,1.0,0.0,0.0,2024,5,Lunes,2,3,Whisky 750Ml,alimentos,2953.0,2953.0,2953.0,-0.9085592089909573,2953.0,2953.0
52,28,91,2,2023-02-21,2024-05-20,Diego Diaz,diego.diaz@mail.com,rio cuarto,0.0,1.0,0.0,0.0,2024,5,Lunes,2,3,Desodorante Aerosol,alimentos,4690.0,4690.0,9380.0,0.3138008109850303,4690.0,4690.0
52,28,72,1,2023-02-21,2024-05-20,Diego Diaz,diego.diaz@mail.com,rio cuarto,0.0,1.0,0.0,0.0,2024,5,Lunes,2,3,Ron 700Ml,alimentos,3876.0,3876.0,3876.0,-0.7330125622758746,3876.0,3876.0
52,28,18,2,2023-02-21,2024-05-20,Diego Diaz,diego.diaz@mail.com,rio cuarto,0.0,1.0,0.0,0.0,2024,5,Lunes,2,3,Queso Rallado 150G,alimentos,3444.0,3444.0,6888.0,-0.16015611600737067,3444.0,3444.0
52,28,27,5,2023-02-21,2024-05-20,Diego Diaz,diego.diaz@mail.com,rio cuarto,0.0,1.0,0.0,0.0,2024,5,Lunes,2,3,Alfajor Simple,alimentos,2502.0,2502.0,12510.0,0.9090998404738807,2502.0,2502.0
52,47,43,5,2023-02-21,2024-05-04,Diego Diaz,diego.diaz@mail.com,rio cuarto,0.0,0.0,0.0,1.0,2024,5,Sábado,2,3,Salsa De Tomate 500G,alimentos,887.0,887.0,4435.0,-0.6266955790540639,887.0,887.0
52,47,6,3,2023-02-21,2024-05-04,Diego Diaz,diego.diaz@mail.com,rio cuarto,0.0,0.0,0.0,1.0,2024,5,Sábado,2,3,Jugo De Naranja 1L,alimentos,4170.0,4170.0,12510.0,0.9090998404738807,4170.0,4170.0
54,80,39,5,2023-02-23,2024-03-25,Uma Herrera,uma.herrera@mail.com,alta gracia,1.0,0.0,0.0,0.0,2024,3,Lunes,1,1,Helado Vainilla 1L,alimentos,469.0,469.0,2345.0,-1.0241955699907084,469.0,469.0
54,80,30,3,2023-02-23,2024-03-25,Uma Herrera,uma.herrera@mail.com,alta gracia,1.0,0.0,0.0,0.0,2024,3,Lunes,1,1,Maní Salado 200G,alimentos,4875.0,4875.0,14625.0,1.3113546159911071,4875.0,4875.0
54,80,41,5,2023-02-23,2024-03-25,Uma Herrera,uma.herrera@mail.com,alta gracia,1.0,0.0,0.0,0.0,2024,3,Lunes,1,1,Aceite De Girasol 1L,alimentos,860.0,860.0,4300.0,-0.6523714157892061,860.0,860.0
55,24,91,2,2023-02-24,2024-06-14,Olivia Ruiz,olivia.ruiz@mail.com,mendiolaza,0.0,0.0,1.0,0.0,2024,6,Viernes,2,2,Desodorante Aerosol,alimentos,4690.0,4690.0,9380.0,0.3138008109850303,4690.0,4690.0
55,24,40,5,2023-02-24,2024-06-14,Olivia Ruiz,olivia.ruiz@mail.com,mendiolaza,0.0,0.0,1.0,0.0,2024,6,Viernes,2,2,Helado Chocolate 1L,alimentos,1215.0,1215.0,6075.0,-0.31478171056789317,1215.0,1215.0
55,77,53,2,2023-02-24,2024-05-26,Olivia Ruiz,olivia.ruiz@mail.com,mendiolaza,0.0,0.0,1.0,0.0,2024,5,Domingo,2,2,Lavandina 1L,alimentos,1664.0,1664.0,3328.0,-0.8372374402822292,1664.0,1664.0
55,77,41,1,2023-02-24,2024-05-26,Olivia Ruiz,olivia.ruiz@mail.com,mendiolaza,0.0,0.0,1.0,0.0,2024,5,Domingo,2,2,Aceite De Girasol 1L,alimentos,860.0,860.0,860.0,-1.3066297740772717,860.0,860.0
55,77,34,5,2023-02-24,2024-05-26,Olivia Ruiz,olivia.ruiz@mail.com,mendiolaza,0.0,0.0,1.0,0.0,2024,5,Domingo,2,2,Turrón 50G,alimentos,503.0,503.0,2515.0,-0.9918630348427517,503.0,503.0
55,77,98,2,2023-02-24,2024-05-26,Olivia Ruiz,olivia.ruiz@mail.com,mendiolaza,0.0,0.0,1.0,0.0,2024,5,Domingo,2,2,Desengrasante 500Ml,alimentos,2843.0,2843.0,5686.0,-0.3887661586417471,2843.0,2843.0
55,77,39,2,2023-02-24,2024-05-26,Olivia Ruiz,olivia.ruiz@mail.com,mendiolaza,0.0,0.0,1.0,0.0,2024,5,Domingo,2,2,Helado Vainilla 1L,alimentos,469.0,469.0,938.0,-1.2917948461858562,469.0,469.0
56,5,86,4,2023-02-25,2024-06-11,Bruno Diaz,bruno.diaz@mail.com,rio cuarto,0.0,0.0,1.0,0.0,2024,6,Martes,2,5,Jugo En Polvo Limón,alimentos,4090.0,4090.0,16360.0,1.641336665883489,4090.0,4090.0
56,15,37,3,2023-02-25,2024-06-27,Bruno Diaz,bruno.diaz@mail.com,rio cuarto,0.0,0.0,0.0,1.0,2024,6,Jueves,2,5,Mermelada De Durazno 400G,alimentos,3196.0,3196.0,9588.0,0.35336061869547153,3196.0,3196.0
56,38,62,5,2023-02-25,2024-05-29,Bruno Diaz,bruno.diaz@mail.com,rio cuarto,0.0,0.0,1.0,0.0,2024,5,Miércoles,2,5,Stevia 100 Sobres,alimentos,3848.0,3848.0,19240.0,2.1890878495665205,3848.0,3848.0
56,38,14,3,2023-02-25,2024-05-29,Bruno Diaz,bruno.diaz@mail.com,rio cuarto,0.0,0.0,1.0,0.0,2024,5,Miércoles,2,5,Leche Entera 1L,alimentos,1723.0,1723.0,5169.0,-0.4870951037681802,1723.0,1723.0
56,38,65,5,2023-02-25,2024-05-29,Bruno Diaz,bruno.diaz@mail.com,rio cuarto,0.0,0.0,1.0,0.0,2024,5,Miércoles,2,5,Cerveza Rubia 1L,alimentos,2423.0,2423.0,12115.0,0.8339742441006871,2423.0,2423.0
56,38,5,3,2023-02-25,2024-05-29,Bruno Diaz,bruno.diaz@mail.com,rio cuarto,0.0,0.0,1.0,0.0,2024,5,Miércoles,2,5,Agua Mineral 500Ml,alimentos,4777.0,4777.0,14331.0,1.2554383493234642,4777.0,4777.0
56,53,28,1,2023-02-25,2024-01-25,Bruno Diaz,bruno.diaz@mail.com,rio cuarto,0.0,0.0,1.0,0.0,2024,1,Jueves,1,5,Papas Fritas Clásicas 100G,alimentos,936.0,936.0,936.0,-1.2921752289523027,936.0,936.0
56,74,32,3,2023-02-25,2024-04-26,Bruno Diaz,bruno.diaz@mail.com,rio cuarto,1.0,0.0,0.0,0.0,2024,4,Viernes,2,5,Chocolate Amargo 100G,alimentos,2234.0,2234.0,6702.0,-0.1955317132868998,2234.0,2234.0
56,74,14,2,2023-02-25,2024-04-26,Bruno Diaz,bruno.diaz@mail.com,rio cuarto,1.0,0.0,0.0,0.0,2024,4,Viernes,2,5,Leche Entera 1L,alimentos,1723.0,1723.0,3446.0,-0.8147948570618828,1723.0,1723.0
56,74,55,2,2023-02-25,2024-04-26,Bruno Diaz,bruno.diaz@mail.com,rio cuarto,1.0,0.0,0.0,0.0,2024,4,Viernes,2,5,Shampoo 400Ml,alimentos,1407.0,1407.0,2814.0,-0.9349958112589926,1407.0,1407.0
57,37,18,3,2023-02-26,2024-05-17,Julian Acosta,julian.acosta@mail.com,rio cuarto,0.0,1.0,0.0,0.0,2024,5,Viernes,2,2,Queso Rallado 150G,alimentos,3444.0,3444.0,10332.0,0.494863007813588,3444.0,3444.0
57,79,81,2,2023-02-26,2024-06-06,Julian Acosta,julian.acosta@mail.com,rio cuarto,0.0,1.0,0.0,0.0,2024,6,Jueves,2,2,Aceitunas Verdes 200G,alimentos,2520.0,2520.0,5040.0,-0.5116297922039826,2520.0,2520.0
57,79,56,2,2023-02-26,2024-06-06,Julian Acosta,julian.acosta@mail.com,rio cuarto,0.0,1.0,0.0,0.0,2024,6,Jueves,2,2,Papel Higiénico X4,alimentos,2532.0,2532.0,5064.0,-0.5070651990066241,2532.0,2532.0
58,34,10,1,2023-02-27,2024-01-13,Karina Acosta,karina.acosta2@mail.com,rio cuarto,0.0,0.0,0.0,1.0,2024,1,Sábado,1,2,Yerba Mate Intensa 1Kg,alimentos,4883.0,4883.0,4883.0,-0.5414898393700368,4883.0,4883.0
58,34,32,5,2023-02-27,2024-01-13,Karina Acosta,karina.acosta2@mail.com,rio cuarto,0.0,0.0,0.0,1.0,2024,1,Sábado,1,2,Chocolate Amargo 100G,alimentos,2234.0,2234.0,11170.0,0.6542433869546923,2234.0,2234.0
58,64,4,2,2023-02-27,2024-03-07,Karina Acosta,karina.acosta2@mail.com,rio cuarto,0.0,1.0,0.0,0.0,2024,3,Jueves,1,2,Fanta Naranja 1.5L,alimentos,2033.0,2033.0,4066.0,-0.6968761994634524,2033.0,2033.0
58,64,41,2,2023-02-27,2024-03-07,Karina Acosta,karina.acosta2@mail.com,rio cuarto,0.0,1.0,0.0,0.0,2024,3,Jueves,1,2,Aceite De Girasol 1L,alimentos,860.0,860.0,1720.0,-1.1430651845052553,860.0,860.0
61,35,93,3,2023-03-02,2024-05-30,Guadalupe Martinez,guadalupe.martinez@mail.com,rio cuarto,1.0,0.0,0.0,0.0,2024,5,Jueves,2,2,Cepillo De Dientes,limpieza,2142.0,2142.0,6426.0,-0.24802453505652367,2142.0,2142.0
61,35,80,2,2023-03-02,2024-05-30,Guadalupe Martinez,guadalupe.martinez@mail.com,rio cuarto,1.0,0.0,0.0,0.0,2024,5,Jueves,2,2,Helado De Frutilla 1L,alimentos,1981.0,1981.0,3962.0,-0.716656103318673,1981.0,1981.0
61,35,88,5,2023-03-02,2024-05-30,Guadalupe Martinez,guadalupe.martinez@mail.com,rio cuarto,1.0,0.0,0.0,0.0,2024,5,Jueves,2,2,Caldo Concentrado Carne,alimentos,2570.0,2570.0,12850.0,0.9737649107697942,2570.0,2570.0
61,75,3,4,2023-03-02,2024-05-23,Guadalupe Martinez,guadalupe.martinez@mail.com,rio cuarto,0.0,1.0,0.0,0.0,2024,5,Jueves,2,2,Sprite 1.5L,alimentos,4964.0,4964.0,19856.0,2.306245741632058,4964.0,4964.0
61,75,2,5,2023-03-02,2024-05-23,Guadalupe Martinez,guadalupe.martinez@mail.com,rio cuarto,0.0,1.0,0.0,0.0,2024,5,Jueves,2,2,Pepsi 1.5L,alimentos,4973.0,4973.0,24865.0,3.258914380197442,4973.0,4973.0
62,1,90,1,2023-03-03,2024-06-19,Guadalupe Romero,guadalupe.romero@mail.com,carlos paz,0.0,0.0,1.0,0.0,2024,6,Miércoles,2,2,Toallas Húmedas X50,alimentos,2902.0,2902.0,2902.0,-0.9182589695353444,2902.0,2902.0
62,59,31,1,2023-03-03,2024-04-28,Guadalupe Romero,guadalupe.romero@mail.com,carlos paz,0.0,0.0,1.0,0.0,2024,4,Domingo,2,2,Mix De Frutos Secos 200G,alimentos,3409.0,3409.0,3409.0,-0.821831938241144,3409.0,3409.0
62,59,8,2,2023-03-03,2024-04-28,Guadalupe Romero,guadalupe.romero@mail.com,carlos paz,0.0,0.0,1.0,0.0,2024,4,Domingo,2,2,Energética Nitro 500Ml,alimentos,4218.0,4218.0,8436.0,0.13426014522225885,4218.0,4218.0
62,59,97,5,2023-03-03,2024-04-28,Guadalupe Romero,guadalupe.romero@mail.com,carlos paz,0.0,0.0,1.0,0.0,2024,4,Domingo,2,2,Limpiavidrios 500Ml,alimentos,872.0,872.0,4360.0,-0.6409599327958095,872.0,872.0
64,22,9,2,2023-03-05,2024-05-08,Julian Alvarez,julian.alvarez@mail.com,villa maria,0.0,0.0,0.0,1.0,2024,5,Miércoles,2,2,Yerba Mate Suave 1Kg,alimentos,3878.0,3878.0,7756.0,0.00493000463043192,3878.0,3878.0
64,22,28,3,2023-03-05,2024-05-08,Julian Alvarez,julian.alvarez@mail.com,villa maria,0.0,0.0,0.0,1.0,2024,5,Miércoles,2,2,Papas Fritas Clásicas 100G,alimentos,936.0,936.0,2808.0,-0.9361369595583322,936.0,936.0
64,22,24,4,2023-03-05,2024-05-08,Julian Alvarez,julian.alvarez@mail.com,villa maria,0.0,0.0,0.0,1.0,2024,5,Miércoles,2,2,Galletitas Chocolate,alimentos,1305.0,1305.0,5220.0,-0.4773953432237932,1305.0,1305.0
64,109,18,1,2023-03-05,2024-06-04,Julian Alvarez,julian.alvarez@mail.com,villa maria,0.0,0.0,0.0,1.0,2024,6,Martes,2,2,Queso Rallado 150G,alimentos,3444.0,3444.0,3444.0,-0.8151752398283294,3444.0,3444.0
64,109,74,1,2023-03-05,2024-06-04,Julian Alvarez,julian.alvarez@mail.com,villa maria,0.0,0.0,0.0,1.0,2024,6,Martes,2,2,Whisky 750Ml,alimentos,2953.0,2953.0,2953.0,-0.9085592089909573,2953.0,2953.0
64,109,20,2,2023-03-05,2024-06-04,Julian Alvarez,julian.alvarez@mail.com,villa maria,0.0,0.0,0.0,1.0,2024,6,Martes,2,2,Pan Lactal Blanco,alimentos,1571.0,1571.0,3142.0,-0.8726130375617583,1571.0,1571.0
64,109,44,5,2023-03-05,2024-06-04,Julian Alvarez,julian.alvarez@mail.com,villa maria,0.0,0.0,0.0,1.0,2024,6,Martes,2,2,Arroz Largo Fino 1Kg,alimentos,2979.0,2979.0,14895.0,1.3627062894613913,2979.0,2979.0
66,8,53,5,2023-03-07,2024-01-06,Tomas Herrera,tomas.herrera@mail.com,villa maria,0.0,0.0,0.0,1.0,2024,1,Sábado,1,2,Lavandina 1L,alimentos,1664.0,1664.0,8320.0,0.11219794476835895,1664.0,1664.0
66,8,18,4,2023-03-07,2024-01-06,Tomas Herrera,tomas.herrera@mail.com,villa maria,0.0,0.0,0.0,1.0,2024,1,Sábado,1,2,Queso Rallado 150G,alimentos,3444.0,3444.0,13776.0,1.1498821316345467,3444.0,3444.0
66,8,68,5,2023-03-07,2024-01-06,Tomas Herrera,tomas.herrera@mail.com,villa maria,0.0,0.0,0.0,1.0,2024,1,Sábado,1,2,Vino Blanco 750Ml,alimentos,2684.0,2684.0,13420.0,1.082173999207061,2684.0,2684.0
66,67,53,1,2023-03-07,2024-03-21,Tomas Herrera,tomas.herrera@mail.com,villa maria,1.0,0.0,0.0,0.0,2024,3,Jueves,1,2,Lavandina 1L,alimentos,1664.0,1664.0,1664.0,-1.1537159019657586,1664.0,1664.0
66,67,8,2,2023-03-07,2024-03-21,Tomas Herrera,tomas.herrera@mail.com,villa maria,1.0,0.0,0.0,0.0,2024,3,Jueves,1,2,Energética Nitro 500Ml,alimentos,4218.0,4218.0,8436.0,0.13426014522225885,4218.0,4218.0
67,14,36,4,2023-03-08,2024-04-18,Ivana Romero,ivana.romero@mail.com,alta gracia,0.0,1.0,0.0,0.0,2024,4,Jueves,2,1,Dulce De Leche 400G,alimentos,2559.0,2559.0,10236.0,0.4766046350241536,2559.0,2559.0
67,14,72,5,2023-03-08,2024-04-18,Ivana Romero,ivana.romero@mail.com,alta gracia,0.0,1.0,0.0,0.0,2024,4,Jueves,2,1,Ron 700Ml,alimentos,3876.0,3876.0,19380.0,2.2157146432177792,3876.0,3876.0
67,14,38,3,2023-03-08,2024-04-18,Ivana Romero,ivana.romero@mail.com,alta gracia,0.0,1.0,0.0,0.0,2024,4,Jueves,2,1,Mermelada De Frutilla 400G,alimentos,1584.0,1584.0,4752.0,-0.5664049105722858,1584.0,1584.0
67,14,97,1,2023-03-08,2024-04-18,Ivana Romero,ivana.romero@mail.com,alta gracia,0.0,1.0,0.0,0.0,2024,4,Jueves,2,1,Limpiavidrios 500Ml,alimentos,872.0,872.0,872.0,-1.3043474774785924,872.0,872.0
69,66,16,3,2023-03-10,2024-03-14,Felipe Flores,felipe.flores@mail.com,rio cuarto,0.0,1.0,0.0,0.0,2024,3,Jueves,1,2,Yogur Natural 200G,alimentos,4613.0,4613.0,13839.0,1.161864188777613,4613.0,4613.0
69,100,13,3,2023-03-10,2024-06-08,Felipe Flores,felipe.flores@mail.com,rio cuarto,0.0,1.0,0.0,0.0,2024,6,Sábado,2,2,Té Verde 20 Saquitos,alimentos,2383.0,2383.0,7149.0,-0.11051616498609593,2383.0,2383.0
69,100,18,4,2023-03-10,2024-06-08,Felipe Flores,felipe.flores@mail.com,rio cuarto,0.0,1.0,0.0,0.0,2024,6,Sábado,2,2,Queso Rallado 150G,alimentos,3444.0,3444.0,13776.0,1.1498821316345467,3444.0,3444.0
69,100,58,2,2023-03-10,2024-06-08,Felipe Flores,felipe.flores@mail.com,rio cuarto,0.0,1.0,0.0,0.0,2024,6,Sábado,2,2,Caramelos Masticables,alimentos,4752.0,4752.0,9504.0,0.3373845425047164,4752.0,4752.0
69,100,57,1,2023-03-10,2024-06-08,Felipe Flores,felipe.flores@mail.com,rio cuarto,0.0,1.0,0.0,0.0,2024,6,Sábado,2,2,Servilletas X100,alimentos,4520.0,4520.0,4520.0,-0.6105293114800856,4520.0,4520.0
69,100,9,4,2023-03-10,2024-06-08,Felipe Flores,felipe.flores@mail.com,rio cuarto,0.0,1.0,0.0,0.0,2024,6,Sábado,2,2,Yerba Mate Suave 1Kg,alimentos,3878.0,3878.0,15512.0,1.4800543729101518,3878.0,3878.0
72,84,83,5,2023-03-13,2024-01-02,Camila Rodriguez,camila.rodriguez@mail.com,cordoba,1.0,0.0,0.0,0.0,2024,1,Martes,1,4,Queso Untable 190G,alimentos,1830.0,1830.0,9150.0,0.2700567928436771,1830.0,1830.0
72,84,76,4,2023-03-13,2024-01-02,Camila Rodriguez,camila.rodriguez@mail.com,cordoba,1.0,0.0,0.0,0.0,2024,1,Martes,1,4,Pizza Congelada Muzzarella,alimentos,4286.0,4286.0,17144.0,1.7904467103305366,4286.0,4286.0
72,101,34,4,2023-03-13,2024-03-28,Camila Rodriguez,camila.rodriguez@mail.com,cordoba,1.0,0.0,0.0,0.0,2024,3,Jueves,1,4,Turrón 50G,alimentos,503.0,503.0,2012.0,-1.087529300604059,503.0,503.0
72,117,67,4,2023-03-13,2024-03-14,Camila Rodriguez,camila.rodriguez@mail.com,cordoba,0.0,0.0,1.0,0.0,2024,3,Jueves,1,4,Vino Tinto Malbec 750Ml,alimentos,4719.0,4719.0,18876.0,2.1198581860732486,4719.0,4719.0
72,117,61,2,2023-03-13,2024-03-14,Camila Rodriguez,camila.rodriguez@mail.com,cordoba,0.0,0.0,1.0,0.0,2024,3,Jueves,1,4,Miel Pura 250G,alimentos,4982.0,4982.0,9964.0,0.42487257878742285,4982.0,4982.0
72,120,20,5,2023-03-13,2024-04-21,Camila Rodriguez,camila.rodriguez@mail.com,cordoba,0.0,0.0,1.0,0.0,2024,4,Domingo,2,4,Pan Lactal Blanco,alimentos,1571.0,1571.0,7855.0,0.023758951569536134,1571.0,1571.0
75,20,32,3,2023-03-16,2024-01-13,Santiago Castro,santiago.castro@mail.com,rio cuarto,0.0,0.0,1.0,0.0,2024,1,Sábado,1,2,Chocolate Amargo 100G,alimentos,2234.0,2234.0,6702.0,-0.1955317132868998,2234.0,2234.0
75,76,22,4,2023-03-16,2024-05-15,Santiago Castro,santiago.castro@mail.com,rio cuarto,0.0,0.0,1.0,0.0,2024,5,Miércoles,2,2,Medialunas De Manteca,alimentos,2069.0,2069.0,8276.0,0.10382952390653485,2069.0,2069.0
75,76,23,4,2023-03-16,2024-05-15,Santiago Castro,santiago.castro@mail.com,rio cuarto,0.0,0.0,1.0,0.0,2024,5,Miércoles,2,2,Bizcochos Salados,alimentos,2380.0,2380.0,9520.0,0.3404276046362888,2380.0,2380.0
75,76,24,1,2023-03-16,2024-05-15,Santiago Castro,santiago.castro@mail.com,rio cuarto,0.0,0.0,1.0,0.0,2024,5,Miércoles,2,2,Galletitas Chocolate,alimentos,1305.0,1305.0,1305.0,-1.2219946085429143,1305.0,1305.0
75,76,11,2,2023-03-16,2024-05-15,Santiago Castro,santiago.castro@mail.com,rio cuarto,0.0,0.0,1.0,0.0,2024,5,Miércoles,2,2,Café Molido 250G,alimentos,2053.0,2053.0,4106.0,-0.6892685441345214,2053.0,2053.0
78,23,64,4,2023-03-19,2024-05-16,Emilia Alvarez,emilia.alvarez@mail.com,villa maria,0.0,0.0,0.0,1.0,2024,5,Jueves,2,1,Avena Instantánea 250G,alimentos,3953.0,3953.0,15812.0,1.5371117878771343,3953.0,3953.0
78,23,83,4,2023-03-19,2024-05-16,Emilia Alvarez,emilia.alvarez@mail.com,villa maria,0.0,0.0,0.0,1.0,2024,5,Jueves,2,1,Queso Untable 190G,alimentos,1830.0,1830.0,7320.0,-0.07799343845491592,1830.0,1830.0
80,19,38,2,2023-03-21,2024-06-11,Gael Ruiz,gael.ruiz@mail.com,mendiolaza,1.0,0.0,0.0,0.0,2024,6,Martes,2,1,Mermelada De Frutilla 400G,alimentos,1584.0,1584.0,3168.0,-0.8676680615979532,1584.0,1584.0
80,19,98,3,2023-03-21,2024-06-11,Gael Ruiz,gael.ruiz@mail.com,mendiolaza,1.0,0.0,0.0,0.0,2024,6,Martes,2,1,Desengrasante 500Ml,alimentos,2843.0,2843.0,8529.0,0.1519479438620234,2843.0,2843.0
80,19,63,3,2023-03-21,2024-06-11,Gael Ruiz,gael.ruiz@mail.com,mendiolaza,1.0,0.0,0.0,0.0,2024,6,Martes,2,1,Granola 250G,alimentos,4337.0,4337.0,13011.0,1.0043857234687414,4337.0,4337.0
81,18,33,2,2023-03-22,2024-06-11,Camila Ruiz,camila.ruiz@mail.com,carlos paz,0.0,1.0,0.0,0.0,2024,6,Martes,2,2,Chocolate Con Leche 100G,alimentos,1255.0,1255.0,2510.0,-0.9928139917588681,1255.0,1255.0
81,18,4,5,2023-03-22,2024-06-11,Camila Ruiz,camila.ruiz@mail.com,carlos paz,0.0,1.0,0.0,0.0,2024,6,Martes,2,2,Fanta Naranja 1.5L,alimentos,2033.0,2033.0,10165.0,0.4631010468153011,2033.0,2033.0
81,18,24,2,2023-03-22,2024-06-11,Camila Ruiz,camila.ruiz@mail.com,carlos paz,0.0,1.0,0.0,0.0,2024,6,Martes,2,2,Galletitas Chocolate,alimentos,1305.0,1305.0,2610.0,-0.9737948534365406,1305.0,1305.0
81,18,15,3,2023-03-22,2024-06-11,Camila Ruiz,camila.ruiz@mail.com,carlos paz,0.0,1.0,0.0,0.0,2024,6,Martes,2,2,Leche Descremada 1L,alimentos,2538.0,2538.0,7614.0,-0.02207717178727311,2538.0,2538.0
81,18,22,5,2023-03-22,2024-06-11,Camila Ruiz,camila.ruiz@mail.com,carlos paz,0.0,1.0,0.0,0.0,2024,6,Martes,2,2,Medialunas De Manteca,alimentos,2069.0,2069.0,10345.0,0.4973354957954906,2069.0,2069.0
81,60,43,1,2023-03-22,2024-04-04,Camila Ruiz,camila.ruiz@mail.com,carlos paz,0.0,0.0,0.0,1.0,2024,4,Jueves,2,2,Salsa De Tomate 500G,alimentos,887.0,887.0,887.0,-1.3014946067302433,887.0,887.0
81,60,98,3,2023-03-22,2024-04-04,Camila Ruiz,camila.ruiz@mail.com,carlos paz,0.0,0.0,0.0,1.0,2024,4,Jueves,2,2,Desengrasante 500Ml,alimentos,2843.0,2843.0,8529.0,0.1519479438620234,2843.0,2843.0
81,60,15,1,2023-03-22,2024-04-04,Camila Ruiz,camila.ruiz@mail.com,carlos paz,0.0,0.0,0.0,1.0,2024,4,Jueves,2,2,Leche Descremada 1L,alimentos,2538.0,2538.0,2538.0,-0.9874886330286164,2538.0,2538.0
81,60,21,2,2023-03-22,2024-04-04,Camila Ruiz,camila.ruiz@mail.com,carlos paz,0.0,0.0,0.0,1.0,2024,4,Jueves,2,2,Pan Lactal Integral,alimentos,272.0,272.0,544.0,-1.3667302511758266,272.0,272.0
81,60,91,4,2023-03-22,2024-04-04,Camila Ruiz,camila.ruiz@mail.com,carlos paz,0.0,0.0,0.0,1.0,2024,4,Jueves,2,2,Desodorante Aerosol,alimentos,4690.0,4690.0,18760.0,2.097795985619349,4690.0,4690.0
82,106,88,3,2023-03-23,2024-03-24,Lucas Lopez,lucas.lopez@mail.com,alta gracia,0.0,0.0,0.0,1.0,2024,3,Domingo,1,1,Caldo Concentrado Carne,alimentos,2570.0,2570.0,7710.0,-0.003818798997838724,2570.0,2570.0
83,96,81,3,2023-03-24,2024-02-23,Franco Gomez,franco.gomez@mail.com,rio cuarto,0.0,0.0,1.0,0.0,2024,2,Viernes,1,1,Aceitunas Verdes 200G,alimentos,2520.0,2520.0,7560.0,-0.03234750648132995,2520.0,2520.0
83,96,68,1,2023-03-24,2024-02-23,Franco Gomez,franco.gomez@mail.com,rio cuarto,0.0,0.0,1.0,0.0,2024,2,Viernes,1,1,Vino Blanco 750Ml,alimentos,2684.0,2684.0,2684.0,-0.9597206910780183,2684.0,2684.0
83,96,11,2,2023-03-24,2024-02-23,Franco Gomez,franco.gomez@mail.com,rio cuarto,0.0,0.0,1.0,0.0,2024,2,Viernes,1,1,Café Molido 250G,alimentos,2053.0,2053.0,4106.0,-0.6892685441345214,2053.0,2053.0
83,96,50,3,2023-03-24,2024-02-23,Franco Gomez,franco.gomez@mail.com,rio cuarto,0.0,0.0,1.0,0.0,2024,2,Viernes,1,1,Azúcar 1Kg,alimentos,727.0,727.0,2181.0,-1.0553869568393255,727.0,727.0
84,48,70,1,2023-03-25,2024-01-26,Pablo Sanchez,pablo.sanchez@mail.com,cordoba,0.0,1.0,0.0,0.0,2024,1,Viernes,1,2,Fernet 750Ml,alimentos,4061.0,4061.0,4061.0,-0.6978271563795687,4061.0,4061.0
84,48,54,5,2023-03-25,2024-01-26,Pablo Sanchez,pablo.sanchez@mail.com,cordoba,0.0,1.0,0.0,0.0,2024,1,Viernes,1,2,Jabón De Tocador,limpieza,1592.0,1592.0,7960.0,0.043729046807979996,1592.0,1592.0
84,48,57,4,2023-03-25,2024-01-26,Pablo Sanchez,pablo.sanchez@mail.com,cordoba,0.0,1.0,0.0,0.0,2024,1,Viernes,1,2,Servilletas X100,alimentos,4520.0,4520.0,18080.0,1.9684658450275219,4520.0,4520.0
84,118,68,5,2023-03-25,2024-02-09,Pablo Sanchez,pablo.sanchez@mail.com,cordoba,1.0,0.0,0.0,0.0,2024,2,Viernes,1,2,Vino Blanco 750Ml,alimentos,2684.0,2684.0,13420.0,1.082173999207061,2684.0,2684.0
84,118,68,3,2023-03-25,2024-02-09,Pablo Sanchez,pablo.sanchez@mail.com,cordoba,1.0,0.0,0.0,0.0,2024,2,Viernes,1,2,Vino Blanco 750Ml,alimentos,2684.0,2684.0,8052.0,0.06122665406452128,2684.0,2684.0
84,118,70,2,2023-03-25,2024-02-09,Pablo Sanchez,pablo.sanchez@mail.com,cordoba,1.0,0.0,0.0,0.0,2024,2,Viernes,1,2,Fernet 750Ml,alimentos,4061.0,4061.0,8122.0,0.07454005089015053,4061.0,4061.0
84,118,93,3,2023-03-25,2024-02-09,Pablo Sanchez,pablo.sanchez@mail.com,cordoba,1.0,0.0,0.0,0.0,2024,2,Viernes,1,2,Cepillo De Dientes,limpieza,2142.0,2142.0,6426.0,-0.24802453505652367,2142.0,2142.0
84,118,50,2,2023-03-25,2024-02-09,Pablo Sanchez,pablo.sanchez@mail.com,cordoba,1.0,0.0,0.0,0.0,2024,2,Viernes,1,2,Azúcar 1Kg,alimentos,727.0,727.0,1454.0,-1.1936560924426465,727.0,727.0
86,9,65,4,2023-03-27,2024-01-20,Diego Torres,diego.torres@mail.com,cordoba,1.0,0.0,0.0,0.0,2024,1,Sábado,1,2,Cerveza Rubia 1L,alimentos,2423.0,2423.0,9692.0,0.3731405225506921,2423.0,2423.0
86,104,95,2,2023-03-27,2024-06-17,Diego Torres,diego.torres@mail.com,cordoba,0.0,1.0,0.0,0.0,2024,6,Lunes,2,2,Mascarilla Capilar,alimentos,1581.0,1581.0,3162.0,-0.8688092098972929,1581.0,1581.0
86,104,68,3,2023-03-27,2024-06-17,Diego Torres,diego.torres@mail.com,cordoba,0.0,1.0,0.0,0.0,2024,6,Lunes,2,2,Vino Blanco 750Ml,alimentos,2684.0,2684.0,8052.0,0.06122665406452128,2684.0,2684.0
86,104,68,5,2023-03-27,2024-06-17,Diego Torres,diego.torres@mail.com,cordoba,0.0,1.0,0.0,0.0,2024,6,Lunes,2,2,Vino Blanco 750Ml,alimentos,2684.0,2684.0,13420.0,1.082173999207061,2684.0,2684.0
88,17,81,5,2023-03-29,2024-02-17,Felipe Castro,felipe.castro@mail.com,villa maria,1.0,0.0,0.0,0.0,2024,2,Sábado,1,1,Aceitunas Verdes 200G,alimentos,2520.0,2520.0,12600.0,0.9262170649639755,2520.0,2520.0
88,17,46,5,2023-03-29,2024-02-17,Felipe Castro,felipe.castro@mail.com,villa maria,1.0,0.0,0.0,0.0,2024,2,Sábado,1,1,Lentejas Secas 500G,alimentos,3036.0,3036.0,15180.0,1.4169108336800247,3036.0,3036.0
88,17,74,3,2023-03-29,2024-02-17,Felipe Castro,felipe.castro@mail.com,villa maria,1.0,0.0,0.0,0.0,2024,2,Sábado,1,1,Whisky 750Ml,alimentos,2953.0,2953.0,8859.0,0.21471110032570412,2953.0,2953.0
90,93,80,4,2023-03-31,2024-01-29,Guadalupe Ruiz,guadalupe.ruiz@mail.com,rio cuarto,1.0,0.0,0.0,0.0,2024,1,Lunes,1,1,Helado De Frutilla 1L,alimentos,1981.0,1981.0,7924.0,0.0368821570119421,1981.0,1981.0
90,93,66,3,2023-03-31,2024-01-29,Guadalupe Ruiz,guadalupe.ruiz@mail.com,rio cuarto,1.0,0.0,0.0,0.0,2024,1,Lunes,1,1,Cerveza Negra 1L,alimentos,1533.0,1533.0,4599.0,-0.5955041922054469,1533.0,1533.0
90,93,91,3,2023-03-31,2024-01-29,Guadalupe Ruiz,guadalupe.ruiz@mail.com,rio cuarto,1.0,0.0,0.0,0.0,2024,1,Lunes,1,1,Desodorante Aerosol,alimentos,4690.0,4690.0,14070.0,1.2057983983021896,4690.0,4690.0
91,6,25,2,2023-04-01,2024-05-05,Uma Sanchez,uma.sanchez@mail.com,mendiolaza,0.0,0.0,0.0,1.0,2024,5,Domingo,2,2,Galletitas Vainilla,alimentos,4015.0,4015.0,8030.0,0.05704244363360924,4015.0,4015.0
91,6,31,3,2023-04-01,2024-05-05,Uma Sanchez,uma.sanchez@mail.com,mendiolaza,0.0,0.0,0.0,1.0,2024,5,Domingo,2,2,Mix De Frutos Secos 200G,alimentos,3409.0,3409.0,10227.0,0.47489291257514415,3409.0,3409.0
91,6,83,1,2023-04-01,2024-05-05,Uma Sanchez,uma.sanchez@mail.com,mendiolaza,0.0,0.0,0.0,1.0,2024,5,Domingo,2,2,Queso Untable 190G,alimentos,1830.0,1830.0,1830.0,-1.122144132350695,1830.0,1830.0
91,6,59,4,2023-04-01,2024-05-05,Uma Sanchez,uma.sanchez@mail.com,mendiolaza,0.0,0.0,0.0,1.0,2024,5,Domingo,2,2,Chicle Menta,alimentos,3612.0,3612.0,14448.0,1.2776907411605873,3612.0,3612.0
91,83,5,2,2023-04-01,2024-05-28,Uma Sanchez,uma.sanchez@mail.com,mendiolaza,1.0,0.0,0.0,0.0,2024,5,Martes,2,2,Agua Mineral 500Ml,alimentos,4777.0,4777.0,9554.0,0.34689411166588013,4777.0,4777.0
91,83,26,2,2023-04-01,2024-05-28,Uma Sanchez,uma.sanchez@mail.com,mendiolaza,1.0,0.0,0.0,0.0,2024,5,Martes,2,2,Alfajor Triple,alimentos,1001.0,1001.0,2002.0,-1.0894312144362917,1001.0,1001.0
91,83,73,5,2023-04-01,2024-05-28,Uma Sanchez,uma.sanchez@mail.com,mendiolaza,1.0,0.0,0.0,0.0,2024,5,Martes,2,2,Gin 700Ml,alimentos,1561.0,1561.0,7805.0,0.01424938240837239,1561.0,1561.0
91,83,51,2,2023-04-01,2024-05-28,Uma Sanchez,uma.sanchez@mail.com,mendiolaza,1.0,0.0,0.0,0.0,2024,5,Martes,2,2,Sal Fina 500G,alimentos,1745.0,1745.0,3490.0,-0.8064264362000587,1745.0,1745.0
92,7,63,3,2023-04-02,2024-05-06,Mariana Rodriguez,mariana.rodriguez@mail.com,alta gracia,1.0,0.0,0.0,0.0,2024,5,Lunes,2,2,Granola 250G,alimentos,4337.0,4337.0,13011.0,1.0043857234687414,4337.0,4337.0
92,110,6,1,2023-04-02,2024-05-19,Mariana Rodriguez,mariana.rodriguez@mail.com,alta gracia,1.0,0.0,0.0,0.0,2024,5,Domingo,2,2,Jugo De Naranja 1L,alimentos,4170.0,4170.0,4170.0,-0.6770962956082318,4170.0,4170.0
92,110,59,3,2023-04-02,2024-05-19,Mariana Rodriguez,mariana.rodriguez@mail.com,alta gracia,1.0,0.0,0.0,0.0,2024,5,Domingo,2,2,Chicle Menta,alimentos,3612.0,3612.0,10836.0,0.5907194649581186,3612.0,3612.0
92,110,6,5,2023-04-02,2024-05-19,Mariana Rodriguez,mariana.rodriguez@mail.com,alta gracia,1.0,0.0,0.0,0.0,2024,5,Domingo,2,2,Jugo De Naranja 1L,alimentos,4170.0,4170.0,20850.0,2.495295976555993,4170.0,4170.0
93,30,49,4,2023-04-03,2024-03-03,Gael Rojas,gael.rojas@mail.com,alta gracia,1.0,0.0,0.0,0.0,2024,3,Domingo,1,1,Harina De Trigo 1Kg,alimentos,2512.0,2512.0,10048.0,0.44084865497817793,2512.0,2512.0
93,30,78,3,2023-04-03,2024-03-03,Gael Rojas,gael.rojas@mail.com,alta gracia,1.0,0.0,0.0,0.0,2024,3,Domingo,1,1,Verduras Congeladas Mix,alimentos,4289.0,4289.0,12867.0,0.9769981642845899,4289.0,4289.0
93,30,82,4,2023-04-03,2024-03-03,Gael Rojas,gael.rojas@mail.com,alta gracia,1.0,0.0,0.0,0.0,2024,3,Domingo,1,1,Aceitunas Negras 200G,alimentos,2394.0,2394.0,9576.0,0.3510783220967922,2394.0,2394.0
93,30,7,1,2023-04-03,2024-03-03,Gael Rojas,gael.rojas@mail.com,alta gracia,1.0,0.0,0.0,0.0,2024,3,Domingo,1,1,Jugo De Manzana 1L,alimentos,3269.0,3269.0,3269.0,-0.8484587318924025,3269.0,3269.0
96,12,72,2,2023-04-06,2024-06-28,Rocio Gonzalez,rocio.gonzalez@mail.com,cordoba,1.0,0.0,0.0,0.0,2024,6,Viernes,2,1,Ron 700Ml,alimentos,3876.0,3876.0,7752.0,0.004169239097538821,3876.0,3876.0
96,12,50,2,2023-04-06,2024-06-28,Rocio Gonzalez,rocio.gonzalez@mail.com,cordoba,1.0,0.0,0.0,0.0,2024,6,Viernes,2,1,Azúcar 1Kg,alimentos,727.0,727.0,1454.0,-1.1936560924426465,727.0,727.0
96,12,56,3,2023-04-06,2024-06-28,Rocio Gonzalez,rocio.gonzalez@mail.com,cordoba,1.0,0.0,0.0,0.0,2024,6,Viernes,2,1,Papel Higiénico X4,alimentos,2532.0,2532.0,7596.0,-0.02550061668529206,2532.0,2532.0
96,12,87,3,2023-04-06,2024-06-28,Rocio Gonzalez,rocio.gonzalez@mail.com,cordoba,1.0,0.0,0.0,0.0,2024,6,Viernes,2,1,Sopa Instantánea Pollo,alimentos,1679.0,1679.0,5037.0,-0.5122003663536525,1679.0,1679.0
96,12,38,4,2023-04-06,2024-06-28,Rocio Gonzalez,rocio.gonzalez@mail.com,cordoba,1.0,0.0,0.0,0.0,2024,6,Viernes,2,1,Mermelada De Frutilla 400G,alimentos,1584.0,1584.0,6336.0,-0.2651417595466184,1584.0,1584.0
98,113,53,2,2023-04-08,2024-03-08,Camila Castro,camila.castro@mail.com,cordoba,0.0,0.0,0.0,1.0,2024,3,Viernes,1,1,Lavandina 1L,alimentos,1664.0,1664.0,3328.0,-0.8372374402822292,1664.0,1664.0
98,113,92,3,2023-04-08,2024-03-08,Camila Castro,camila.castro@mail.com,cordoba,0.0,0.0,0.0,1.0,2024,3,Viernes,1,1,Crema Dental 90G,alimentos,2512.0,2512.0,7536.0,-0.036912099678688554,2512.0,2512.0
100,55,39,4,2023-04-10,2024-01-04,Agustina Lopez,agustina.lopez@mail.com,cordoba,0.0,1.0,0.0,0.0,2024,1,Jueves,1,3,Helado Vainilla 1L,alimentos,469.0,469.0,1876.0,-1.1133953287224243,469.0,469.0
100,62,47,4,2023-04-10,2024-05-01,Agustina Lopez,agustina.lopez@mail.com,cordoba,0.0,0.0,0.0,1.0,2024,5,Miércoles,2,3,Garbanzos 500G,alimentos,2939.0,2939.0,11756.0,0.7656955375235315,2939.0,2939.0
100,62,95,3,2023-04-10,2024-05-01,Agustina Lopez,agustina.lopez@mail.com,cordoba,0.0,0.0,0.0,1.0,2024,5,Miércoles,2,3,Mascarilla Capilar,alimentos,1581.0,1581.0,4743.0,-0.5681166330212953,1581.0,1581.0
100,87,53,2,2023-04-10,2024-04-20,Agustina Lopez,agustina.lopez@mail.com,cordoba,0.0,1.0,0.0,0.0,2024,4,Sábado,2,3,Lavandina 1L,alimentos,1664.0,1664.0,3328.0,-0.8372374402822292,1664.0,1664.0
100,87,86,2,2023-04-10,2024-04-20,Agustina Lopez,agustina.lopez@mail.com,cordoba,0.0,1.0,0.0,0.0,2024,4,Sábado,2,3,Jugo En Polvo Limón,alimentos,4090.0,4090.0,8180.0,0.08557115111710047,4090.0,4090.0
